path,sha256,size,role
.gitignore,b71f30f68897ef6c4a5994b06076263c6507cdd2ce69881b1f49f3ded28e5051,1025,source/data/documentation payload
CHANGELOG.md,f0c57f020c28c71f3f8d7b16ce0fe006cadf20e86bec3bcff2298cf397046351,794,source/data/documentation payload
CITATION.cff,1731edd0aecd1377326d1d81b3cd055313f3dfcf33821d59684f45fee3254871,1372,source/data/documentation payload
LICENSE,d93c6918b399e8e8e9e8476cde0ed145d525c2bff4eb93f2ecb3a98a707cf1b3,1416,source/data/documentation payload
LICENSES/CC-BY-4.0.txt,9ba9550ad48438d0836ddab3da480b3b69ffa0aac7b7878b5a0039e7ab429411,18657,source/data/documentation payload
LICENSES/MIT.txt,7b304e24f762e0ce943b0443c8506374b34b157e0f3e39d01b578eb7ea78a8b9,1090,source/data/documentation payload
NOTICE,dee69dd911586b5539ae8ba54f952819deedc078884899b2f79ae87feac420dc,1797,source/data/documentation payload
README.md,7f8785f3d438d34be5d6782203c137f2428de8f49ae40bf39f654f615eed7028,4387,source/data/documentation payload
docs/DATA_POLICY.md,f4a9aeac4751f78c125c96a32ac87d98f852f73a3a8151354a7c95b2a881a530,1459,source/data/documentation payload
docs/FIGURE_REPRODUCTION_MAP.csv,6c8e57b4340086d8eb5988aeefae53f8a05ca0c06f6a2345a5848ad785a66f54,3139,source/data/documentation payload
docs/FILE_MANIFEST.md,d62ebfccc7441b74f4575bb257e015ade7f983932e3fdbcbf3de50654a741a85,409,source/data/documentation payload
docs/INPUT_DEPENDENCIES.csv,38f718e90a77a8ff25c66c8c39e09c54f55e56d8cec940d1a1fd0c3b1b6200d8,7578,source/data/documentation payload
docs/LICENSE_SCOPE.md,0bf7b5a7ee522a7659594ba3119a9af9781303ec3d485ce95b9be2e59e3e9dd1,3353,source/data/documentation payload
docs/MODEL_SCOPE.md,71a7eb75d8cd198b615172bd9a56f898dbe2ac624e17a566b9ed072857209ebb,1951,source/data/documentation payload
docs/RANDOM_STREAMS.md,d97b990ef2b097bedfa6b439470581d999e857fbaec8758e932a04f61d9e137c,1103,source/data/documentation payload
docs/REPRODUCIBILITY_BOUNDARY.md,d019f92bf99089531404e9288c9872d5c941b835526c66deeff359a0580505cf,1998,source/data/documentation payload
docs/TABLE_REPRODUCTION_MAP.csv,13b0613fc7797e9e9a4326a39e38d9b3186f7718001a8e9fedf9f3d805f32dd6,3688,source/data/documentation payload
docs/THIRD_PARTY_REFERENCES.md,94ae329274e07dcd2115afa93a2bfca5c87ec849736e3ba798ca9db3dc40fefa,12801,source/data/documentation payload
environment/README.md,b234db33fa54ef1d7ddd166d9d488b8548646cee738f57ed5e3c302d197ea323,1633,source/data/documentation payload
environment/versions.txt,af688dfbb8a0b9cc6e3f8ef2f6b72e1efea7945b5b79a3cd5844239a26822407,489,source/data/documentation payload
reference_outputs/figures/figure01_framework.pdf,ae999507a89cbff72df209fce4f63d11aa2ebd87f05b38792cb84b64da1ffd9c,23287,source/data/documentation payload
reference_outputs/figures/figure02_geometry.pdf,bca1362cb348914ea7223a68e4d2cc831e033e6b118cee3e9f67ac545fb6b568,25349,source/data/documentation payload
reference_outputs/figures/figure04_geometry_response.pdf,b2d8e8630d84c8f43cab6bf25845dcbf3d0885ed87528bf6515631c17371ec42,18215,source/data/documentation payload
reference_outputs/figures/figure05_uncertainty.pdf,b5de552b87f6d8feccc1bf1985fa76796895c7f69fc353571fac918e56613e8f,19468,source/data/documentation payload
reference_outputs/figures/figure06_height_reference.pdf,ee3d85c5a863792756f550a3cb85a9aa1f77a2b71badd5af35f9924fc0b78f59,21522,source/data/documentation payload
reference_outputs/figures/figure07_coverage_detection.pdf,862bd0662900904c526d00e42fa127bd80278590c93d47dd7c47daadf1942389,20306,source/data/documentation payload
reference_outputs/figures/figure08_ablation.pdf,8bea8f9a3801be4053ad6af6e648436b90104f702e0fd792a42dfe5c04b36aa9,14872,source/data/documentation payload
reference_outputs/figures/figure09_surface_control.pdf,7d8308e34ce44cef877998e146c0259dbc53a672fb66e86330cadd2d20af344e,20940,source/data/documentation payload
reference_outputs/figures/figureS01_distribution.pdf,a9a72147a93112920664a29de3bd542f3e1d9634210c7e0ac31c4a38984e57f0,25535,source/data/documentation payload
reference_outputs/figures/figureS02_device_scale.pdf,1186242a934f8b0ab97765e90ece06b930616d699f088d6a371ba47e9bee9581,18972,source/data/documentation payload
reproduction/E1_USER_INPUT.md,3bb405032da71440259dcb3293215ec0fed59f18f09748a24dd54d511e68545c,2424,source/data/documentation payload
reproduction/README.md,3af37d6f6e77b059f1464bfb27c0d57d7bd898a06a5079045ee0330705925c7d,2906,source/data/documentation payload
reproduction/expected_outputs.md,3b0b9395bb9c89d78be8e47202c7a1189d6751b65faa319dfa3c390bb0cfad3c,1025,source/data/documentation payload
reproduction/final_tables/table1.tex,172fbe52671a9b6ed844d7821b50f132dc80426cfe648b7eda58227d7675cb2d,1360,source/data/documentation payload
reproduction/final_tables/table2.tex,6b691372738f0479ed6aaba56e160551b173502dd84e48ac7b0128fb7431829d,1545,source/data/documentation payload
reproduction/final_tables/table3.tex,6ed619008ab943dd6705e4b7ade677a411e10f2ebc60706e81101b32ba4aab6a,1858,source/data/documentation payload
reproduction/final_tables/table4.tex,113ff9c9ae933bf6e5c445d10764fca08b1a6736067ee1ffa9a7543cd97a1156,1410,source/data/documentation payload
reproduction/final_tables/table5.tex,3622af4d931f9a7b92588b49a68757a02e9540109c0442af7445cc11714def26,1400,source/data/documentation payload
reproduction/final_tables/table6.tex,2a61bb914a4ef77b3f0ef21e172e47b3b0cc609af1a7f3013567b56b0fc40108,1506,source/data/documentation payload
reproduction/final_tables/table7.tex,19e75a3608aba23a0bcdeee72ea58bb56f2b60c135c8a41d08fcb5e940819079,1505,source/data/documentation payload
reproduction/reproduce_figures.md,72dffcb5e66fd24d29d959a14231101989bd362831afc6ee8b0725f6a887ceaf,1263,source/data/documentation payload
reproduction/reproduce_tables.md,d1f78a482e122cf3cee0c8217d4a175a2d75e36685d1aaa50b6fedc7eece8f07,1578,source/data/documentation payload
reproduction/verify_package.py,af5e1adf9ed2fa7cd5782db704cd9bcd899986cc2c275f25c3c2f595d82278f4,3461,source/data/documentation payload
research/config/checkpoint03_parameters.m,839c5f4c1bbfcb2de9234bdcf3c4580ab5c2e388ef9f793bebb9b98e3f4d4bf5,851,source/data/documentation payload
research/config/level2_parameters.m,245de971b577aa71876a66fe0bf7938f182244b98b22903021e61be5a355ed01,1085,source/data/documentation payload
research/config/simulation_parameters.m,c715f9486b46b4552f90f32fc4b1b92041e75086ab75aa3e994fa4bfdba86ecc,1262,source/data/documentation payload
research/data/paper/input_schema.csv,f894d51ef5e30a78b67c89d497ac0f9046898cacf72bf4625fa407448b90213e,58,source/data/documentation payload
research/lib/+blackice/ablation_config.m,cc793bf03683351717966aa3e43f397f262a3439d8aaba80aa813aa2702902f8,796,source/data/documentation payload
research/lib/+blackice/binomial_exact_interval.m,0ffafebbde10302a983db4e0cfa7b0730014a055183f7c020bca0c2dc614e782,637,source/data/documentation payload
research/lib/+blackice/detect.m,fb50cb5f557ce681e25b270046f65421a00d8c5553a9823cef81ba6e4820bd34,255,source/data/documentation payload
research/lib/+blackice/device_spec_envelope.m,df2fe2f10ee522faabc5db386b4e8fe617c1eaaa43fefa42a04ffd1754963071,1096,source/data/documentation payload
research/lib/+blackice/distribution_scores.m,9a9aec7025aa3298ea7480a9754aefc713982e84dfb8d877c03e77b05c2ac34d,983,source/data/documentation payload
research/lib/+blackice/distribution_threshold.m,90bfc3f1ada5d80a3d69e25be9a3c9ce45501a86cf90af89d5fd8e4abcab0bf1,720,source/data/documentation payload
research/lib/+blackice/draw_scores.m,a374bbade58a474ae6f29e19caff8312b7c4a31e5ff9f2af663d405aaef51814,1633,source/data/documentation payload
research/lib/+blackice/empirical_roc.m,22cd0014c8ab4a4bf629760d553e0aef47422c1259671a7b65af8c1e2104396d,433,source/data/documentation payload
research/lib/+blackice/file_sha256.m,7134f085a04fd8f2c4d07c50f892cb9b6984aab7f426970a659125625b22fb50,433,source/data/documentation payload
research/lib/+blackice/geometry.m,b41072b487a3bc63d97dd5329512b51e07c1681090502005597274bea30b014f,774,source/data/documentation payload
research/lib/+blackice/level2_cell.m,f8e5abe042cc08206872e6ec30180ed5f261996c89831c87e4c31bb693cfe2f2,2627,source/data/documentation payload
research/lib/+blackice/level2_decide.m,63879b6f9e289e3d1ed9d725f354196870351664931728cff431e5b0e918709e,271,source/data/documentation payload
research/lib/+blackice/level2_finalize.m,34d5f28ed94b0316250b92cee602b84a770d034ebcc42db45f5311af626c34bc,1766,source/data/documentation payload
research/lib/+blackice/level2_sigma.m,c51cdcd7a7875ef328d54d722219c7bc15e401728ac218f04b335e9355f22bdb,909,source/data/documentation payload
research/lib/+blackice/level2_theory.m,21817d1e94d27b811450da3108fa7a95454bfe44d9bbaa0986171089510c0c9e,1287,source/data/documentation payload
research/lib/+blackice/level2_valid_probability.m,704ec95185da1690594caf3c69d7cc878aad02d239a20cec5540798837bc98bf,649,source/data/documentation payload
research/lib/+blackice/normal_tail.m,ebbbb54e8ec56003d436894b2c8e7c9e59371c4c9198266d76b1a51204e9351d,293,source/data/documentation payload
research/lib/+blackice/observability_cell.m,e98446ba908f92b6a40dc0d922a40322e6c806a3c7a1ea458c847fb6850f10c0,3689,source/data/documentation payload
research/lib/+blackice/return_proxy.m,2cf1ad22723785ebd3833605ff2f979fddc5222bc6511b5059dd01abae1c1192,737,source/data/documentation payload
research/lib/+blackice/sample_noise_distribution.m,6669ebc690dd9d394e18cd777944a6f7f5e5f69b657c9e35e61a711bc428c580,630,source/data/documentation payload
research/lib/+blackice/score_noise_tail.m,8a1ed8d8a831be2ca992d1936c3d6b9318dd27f2109804262423745d25822879,623,source/data/documentation payload
research/lib/+blackice/simulate_geometry.m,66bfe9a75cf63a92ccb9c93fced4577c6b100a65825aea8702dec208ba53ad38,760,source/data/documentation payload
research/lib/+blackice/summarize_scores.m,8b0e42693995efa7e05bd9c9a12a4dc36005fc0f2d563ac8e1704056daa4a8a9,1457,source/data/documentation payload
research/lib/+blackice/surface_observability.m,e43d238a6fd546c40a826b3e97044046debc46a6618126d227e3953f74b90e1f,458,source/data/documentation payload
research/lib/+blackice/threshold.m,dd4c3e1adaba8da572b5b6fac029662883356974ce7078df5bee51bcb82ec84e,305,source/data/documentation payload
research/lib/+blackice/uncertainty_sigma.m,bdd830611b28b582e0fd492547cc7c6546e621b4b6684d025b5f9aa90825034c,739,source/data/documentation payload
research/lib/+blackice/verify_hash_manifest.m,c28335e7ee589b8a02799ceb519edd37f6c8fe0f9548b30e36b15dc9e6b0bf34,760,source/data/documentation payload
research/lib/+blackice/verify_probability_table.m,3b2a24c611b82d9c710ff9e56d264228efc3939c594c49d19efe6f1479e2506a,820,source/data/documentation payload
research/lib/+blackice/wilson.m,e203b5ae44b7357281a063157b957e791d4d2e1acdc92dd57eb74e5a007a126d,528,source/data/documentation payload
research/lib/+blackice/write_new_file_manifest.m,1584914a62b1e456890d07c86bc8e658bb3f2ed1e21eeafac5780cacdb3f4553,969,source/data/documentation payload
research/lib/+blackice/write_utf8.m,9be50a76f8307a9393c3303087ba9d7699bde181501cc26da4c007eb4525964a,278,source/data/documentation payload
research/models/black_ice_lidar_geometry.slx,ee53d5c16db7c21a90c558ecf059d8d1d46236037b7f2607ff89a24385ebc816,88676,source/data/documentation payload
research/results/paper_tables/figure_level2_extract.csv,623da844cedf2f5d6a5180d5dcee3de76c28f99be70a7e2d2855eb92ca4bb5d5,210679,source/data/documentation payload
research/results/paper_tables/table1_related_work.csv,c4f865d7b68cd34ad44932688fdd844738d1541cbf5990f0f411174679b6ffd4,637,source/data/documentation payload
research/results/paper_tables/table2_parameters.csv,d74dad1fbbbc969a4fbd1245d949a8ad7bb61c451a339d6583398ca691c9576b,1026,source/data/documentation payload
research/results/paper_tables/table3_experiment_matrix.csv,85b606428f35ab45c146ca32e2e47fae66882cef9a8f8d038699b722ec686f1c,961,source/data/documentation payload
research/results/paper_tables/table4_model_scenarios.csv,8de9322a258361efed38198b8ca5a4676ba0d85dad22ddc62c3aea8fdf1d5fd7,752,source/data/documentation payload
research/results/paper_tables/table5_representative_results.csv,391eca57b99f2ba6312066fe4e00738dffa4a25889e49bef865256df726271e5,1469,source/data/documentation payload
research/results/paper_tables/table6_ablation.csv,faac4bfb83650588fe1f41a375edd47a6d5b715f61b4186ca42a9b8c8d954a54,1505,source/data/documentation payload
research/results/paper_tables/table7_findings_boundaries.csv,0069f3a50436f9892ea5ffe594ea91c67e74b667e28267c4bed4dff18ec0237f,950,source/data/documentation payload
research/results/processed/checkpoint03_ablation.csv,f29ddc7853c9a3eec4c0a4d5e84571ae60a7571ee1de027ab8f8bdceb359e152,654200,source/data/documentation payload
research/results/processed/checkpoint03_ablation_incremental.csv,6640111552b21835cb6b9288caf5e9416f498ccca3bf3f3797a47e218a68e195,668047,source/data/documentation payload
research/results/processed/checkpoint03_angle_trend_robustness.csv,3899fba095f55cd0352e8531df230711270b35aa669ca3b81426eb30dc360eb8,19480,source/data/documentation payload
research/results/processed/checkpoint03_device_spec.csv,b3b4ec53f305ca59eb9ba45c00a76c1633e4e90d830a6d10e8cc8b065c44f7b6,60988,source/data/documentation payload
research/results/processed/checkpoint03_distribution_spread.csv,254a4542a5f9773035fa34e5beed8170453cfdbc64c3783d47178c4738159bca,42536,source/data/documentation payload
research/results/processed/checkpoint03_distribution_summary.csv,21b0299e37ada44a4002232128dbf4203da41a188ee0920f4943206b0c823208,1128456,source/data/documentation payload
research/results/processed/checkpoint03_noise_robustness.csv,036a97572d8ed83fde4219dc46f46a65cf53962865a7a6b038b4512af078e874,16232756,source/data/documentation payload
research/results/processed/checkpoint03_observability.csv,d4995421dd51660fc6c2b0c01ac1023e84f35295c961674a4fa9ce2a37ac1f54,19210498,source/data/documentation payload
research/results/processed/checkpoint03_observability_sensitivity.csv,f3402df225e441f4087cbd0bb3320dc5a643b4ff78dae70a5d614ae19a6c5f28,5888623,source/data/documentation payload
research/results/processed/checkpoint03_specificity_control.csv,4c78d02889c73dcf230a2e34dbeb41c6cde2480d8a086fd2521c0199621d94bc,16010271,source/data/documentation payload
research/results/processed/checkpoint03_surface_sensitivity_contrasts.csv,7d688c38bdfa992060eb11fe73b7dc9f5ecd86de00237b5c9a3c90a5f20c6d61,4591972,source/data/documentation payload
research/results/processed/checkpoint03_test_results.csv,b101f145cdc1ae4670475145982ad4029a8e1c321380d84f914831aca4da4026,6289,source/data/documentation payload
research/results/processed/checkpoint03_thin_layer_results.csv,ac084e422f5e133854765937de622bed6edb2332a67942ccafd68355f76d9e7e,41511,source/data/documentation payload
research/results/processed/geometry_analytical_sweep.csv,0fa54c2d28b75b9c74172c158cd30ddca666c58c74949b0cc48b48e14a3648d2,13131,source/data/documentation payload
research/results/processed/level1_convergence.csv,de81d43373a595250dab984bfe2a75a226b1a64af965a3a11bf8a912d4d6176a,9434,source/data/documentation payload
research/results/processed/level1_pilot_results.csv,700f81fe149c46cd97f22919fc622a77de2ea14eaa45bbccdc27e5baadf48d91,418742,source/data/documentation payload
research/results/processed/level1_roc_preview.csv,9596a95d53e4312fda85c437fcc27c5b554ecfbe0c52c00c7a79665d7dbb1f31,1593622,source/data/documentation payload
research/results/processed/level2_N_selection.json,6fb376c94ded75a7f4a42f7fe48a2dfcb308712571aea66c8e2abb6e5a691aae,207,source/data/documentation payload
research/results/processed/level2_convergence.csv,5403ffe77643dd5d0df77ad6d16547d5119b0487fbd96c75f4bd75dabc478f5e,111715,source/data/documentation payload
research/results/processed/level2_convergence_summary.csv,c2935f78d180156de1d7d6bbbc5b4a8cc05cc1a4833ae07bdde796a8e27eda24,518,source/data/documentation payload
research/results/processed/level2_geometry_inputs.csv,288c2b5ba1d4aec5fc1d8f0f94a335a92fc1f920b26c90fae30c00556266458b,12309,source/data/documentation payload
research/results/processed/level2_operating_summary.csv,1235e92a2c980b1c5c6201444dabc02656a8da597c23dbc23cac7616c9af148c,15444164,source/data/documentation payload
research/results/processed/level2_reference_sensitivity.csv,037d221c9899445304511777a2630d08ce673e32bfb241ac3c9700d75f9af5e7,107094,source/data/documentation payload
research/results/processed/level2_representative_results.csv,259c7d3fdd6ee72271f9d7aca2688575b673d28202064cdd59c198153f3d43ca,118393,source/data/documentation payload
research/results/processed/level2_rq_evidence.csv,989acbc85f56ece351afbbc1ab9c63dda84c00742be20725056a353a6bc5bf28,23380,source/data/documentation payload
research/results/processed/level2_test_results.csv,61ee538b074e656d77dbd51eeb702ef6826a1868e8bac708b293ba9bf1bdd921,3137,source/data/documentation payload
research/results/processed/level2_threshold_sensitivity.csv,46dd2b2308249400a882047ebe634ca5cfae0a13e876f773678392a8928ba72d,319193,source/data/documentation payload
research/results/processed/pilot_geometry_inputs.csv,d75db1e5c8668313ef53fe75303a49cb8e0bb72de9a786c626803a503f08b47e,3338,source/data/documentation payload
research/results/processed/representative_pilot_results.csv,320e5bcb0780b8ce39b2c49e36543ebb19fb3ba779125695be3438f2cdf3b9c6,2183,source/data/documentation payload
research/results/processed/simulink_geometry_validation.csv,1b99e7a35824ec163b042f1e75fb4cc4f2300f6fbaf64bf8ae99f21715fe6f84,35913,source/data/documentation payload
research/results/processed/test_results.csv,4084a846a286a56e02e5d3a1280d11ad65a3f21cee7965da4b5e072a8a6c37ee,1646,source/data/documentation payload
research/scripts/analyze_checkpoint03.m,ef146def1052d071bb9912db266dcc7181ad8f032dfd0c5714505f224828e08c,4670,source/data/documentation payload
research/scripts/build_geometry_simulink_model.m,28de56fab07a61f5111010f02c0ccf38a9b1cc8d7f440efc5c79f9691fa7f17c,7428,source/data/documentation payload
research/scripts/checkpoint_setup.m,c85da868e8ceb5b11b64b3c98202c1093ec6f10497d25f55f69973a615897c02,458,source/data/documentation payload
research/scripts/export_figures.py,7f2125a1fed43379a47a62a12c32b8928eb6ff30f420935df36a8eda2a0dd383,9946,source/data/documentation payload
research/scripts/generate_manuscript_figures.m,17921958caf2d63c09b84a4610dcee03cb6e6752f2dc18445ca76ab4990f388d,10415,source/data/documentation payload
research/scripts/prepare_manuscript_evidence.py,08cc14f9c3ac5eeb6a157c57f1b1d219a30eaa81dbfae7a4eb60d97a6c7bb67e,8974,source/data/documentation payload
research/scripts/reproduce_paper_table.m,864d901dcf60c31ca0cec3b99cc8ee296154353ff585ca0ef6114dcdd3e88269,2178,source/data/documentation payload
research/scripts/run_ablation_study.m,59649d3674bee33248843aee8fc164157de2e050d337ecd4e7c2d0deedb795dc,1312,source/data/documentation payload
research/scripts/run_black_ice_observability.m,2d12d2986964f485e9bba8662620c49b196add4cb60877facb00591262458785,1416,source/data/documentation payload
research/scripts/run_black_ice_specificity_control.m,c29685b517a5ccf210b57ffe1f8262c1ccce78006aa1a69b70263bb0c633856e,806,source/data/documentation payload
research/scripts/run_device_spec_analysis.m,38a48d3d7e8e4f39b9e7a5f0e15fe05a1e169f635fca3044215d7f8fd7a5ed59,527,source/data/documentation payload
research/scripts/run_distribution_robustness.m,409854708675743708d47892a8d03e75c27dad2de4f1de3c06dee427577aa221,1052,source/data/documentation payload
research/scripts/run_level1_pilot_monte_carlo.m,2e64c81f91b50be694fba922b774227ff8f5865cb91997843fbecfb9967838b3,5469,source/data/documentation payload
research/scripts/run_level2_convergence.m,f7c1440f6d1e88c39d822a46cda923069bb17a899da88c9ab3d6a410f4d88ca4,2005,source/data/documentation payload
research/scripts/run_level2_full_e3.m,7b1f2862e238686537bfa4a62ed21998486b13932c7b6f39072047ff2410d77d,4219,source/data/documentation payload
research/scripts/validate_simulink_geometry.m,d39c5fc2abd6962a60cf19e2871e086c724cf08d1f3e5d89b4347ee819c35de3,1116,source/data/documentation payload
research/scripts/verify_geometry_analytical.m,6d6297e26d03b5645e15e0ae9291958340d3572ca746a04aabe6b3064e39812a,955,source/data/documentation payload
research/tests/test_black_ice_ablation.m,f1dac845e73b07f54a8561bf65d120363e613bc2ea82a0f8bd554bd30ddeb6f3,2758,source/data/documentation payload
research/tests/test_device_spec_analysis.m,11c4bd8e6286b50c8ced6833a4c41862111a74ba0de7c44afa42c702c5fbe85e,957,source/data/documentation payload
research/tests/test_full_e3_pipeline.m,6df21f299089484268ef7abdf9a7a5ccaffa0dc2705cc375ef293b5f4b001ba5,3337,source/data/documentation payload
research/tests/test_geometry_model.m,eedc3df0dd76a6def26778e1f4bb58af23d5883568a23a155cef879a9108da12,3226,source/data/documentation payload
research/tests/test_level1_statistics.m,e2e5a9f255744661f001d663ea6a02a6e5652c34f1902450830ec909f8602b5d,5082,source/data/documentation payload
research/tests/test_level2_uncertainty.m,b55cb15be366eedc10fba06ec97d60f102f5aea354d2ad8eee285c297c478940,1674,source/data/documentation payload
research/tests/test_level2_validity.m,f82facf0408bf9b430c172fe1d891c1b1afebae20c75a0b2a69a36e018885120,1657,source/data/documentation payload
research/tests/test_noise_distribution_robustness.m,dcbe569f5c315302f909c0c197df4ebdbfa6ba44357065ea8c69bfcfeec8a876,2055,source/data/documentation payload
research/tests/test_return_observability.m,654a9f760db9b7e98bbafead48b50a9bd589d22241dc1142dbf8406afdbc0994,1477,source/data/documentation payload
supplementary/electronic_tables/README.md,6cc12045df1e5e83d1d25cee68a84f91f27048825a6664767c100f0efa7ec67a,2053,source/data/documentation payload
supplementary/electronic_tables/SCHEMA.csv,f542567b97ac71e81c8df8ffa52dc1ba1947ae6249c8662e2dcc1071cbef7d55,26116,source/data/documentation payload
supplementary/electronic_tables/supp_table_s2_thin_layer.csv,5ebd2e8fcd4b523cd148632e00a3f8c9f35cf3b94e5c813f5dea953ae1f46578,6077,source/data/documentation payload
supplementary/electronic_tables/supp_table_s3_noise_summary.csv,21df96c994347a3b13d4e0cfd16c23933ab2c312a60cbf35d2cd71b7c890d5d7,1140,source/data/documentation payload
supplementary/electronic_tables/supp_table_s4_device_scale.csv,b3b4ec53f305ca59eb9ba45c00a76c1633e4e90d830a6d10e8cc8b065c44f7b6,60988,source/data/documentation payload
supplementary/electronic_tables/supp_table_s9_literature.csv,dd8a64f7ef686c73c96d1fe16c47b180971428f3a81814188826364019f72e7c,3889,source/data/documentation payload
