D_A_m,D_I_m,delta_mm,typical_accuracy_scale_mm,R_resolution,R_accuracy,R_accuracy_ice_range,short_range_nonlinearity_warning,accuracy_band_crossing,comparison,H_m,thickness_mm,angle_deg,resolution_scale_mm,source_id,analysis_type
0.5,0.5,0,25,0,0,0,1,0,below specification scale,0.5,0,0,10,G_p2,deterministic specification-scale comparison; not probability
1,1,0,25,0,0,0,0,0,below specification scale,1,0,0,10,G_p2,deterministic specification-scale comparison; not probability
1.5,1.5,0,25,0,0,0,0,0,below specification scale,1.5,0,0,10,G_p2,deterministic specification-scale comparison; not probability
2,2,0,25,0,0,0,0,0,below specification scale,2,0,0,10,G_p2,deterministic specification-scale comparison; not probability
3,3,0,25,0,0,0,0,0,below specification scale,3,0,0,10,G_p2,deterministic specification-scale comparison; not probability
0.5,0.499,1,25,0.1,0.04,0.04,1,0,below specification scale,0.5,1,0,10,G_p2,deterministic specification-scale comparison; not probability
1,0.999,1,25,0.1,0.04,0.04,1,0,below specification scale,1,1,0,10,G_p2,deterministic specification-scale comparison; not probability
1.5,1.499,1,25,0.1,0.04,0.04,0,0,below specification scale,1.5,1,0,10,G_p2,deterministic specification-scale comparison; not probability
2,1.999,1,25,0.1,0.04,0.04,0,0,below specification scale,2,1,0,10,G_p2,deterministic specification-scale comparison; not probability
3,2.999,1,25,0.1,0.04,0.04,0,0,below specification scale,3,1,0,10,G_p2,deterministic specification-scale comparison; not probability
0.5,0.498,2,25,0.2,0.08,0.08,1,0,below specification scale,0.5,2,0,10,G_p2,deterministic specification-scale comparison; not probability
1,0.998,2,25,0.2,0.08,0.08,1,0,below specification scale,1,2,0,10,G_p2,deterministic specification-scale comparison; not probability
1.5,1.498,2,25,0.2,0.08,0.08,0,0,below specification scale,1.5,2,0,10,G_p2,deterministic specification-scale comparison; not probability
2,1.998,2,25,0.2,0.08,0.08,0,0,below specification scale,2,2,0,10,G_p2,deterministic specification-scale comparison; not probability
3,2.998,2,25,0.2,0.08,0.08,0,0,below specification scale,3,2,0,10,G_p2,deterministic specification-scale comparison; not probability
0.5,0.497,3,25,0.3,0.12,0.12,1,0,below specification scale,0.5,3,0,10,G_p2,deterministic specification-scale comparison; not probability
1,0.997,3,25,0.3,0.12,0.12,1,0,below specification scale,1,3,0,10,G_p2,deterministic specification-scale comparison; not probability
1.5,1.497,3,25,0.3,0.12,0.12,0,0,below specification scale,1.5,3,0,10,G_p2,deterministic specification-scale comparison; not probability
2,1.997,3,25,0.3,0.12,0.12,0,0,below specification scale,2,3,0,10,G_p2,deterministic specification-scale comparison; not probability
3,2.997,3,25,0.3,0.12,0.12,0,0,below specification scale,3,3,0,10,G_p2,deterministic specification-scale comparison; not probability
0.5,0.495,5,25,0.5,0.2,0.2,1,0,below specification scale,0.5,5,0,10,G_p2,deterministic specification-scale comparison; not probability
1,0.995,5,25,0.5,0.2,0.2,1,0,below specification scale,1,5,0,10,G_p2,deterministic specification-scale comparison; not probability
1.5,1.495,5,25,0.5,0.2,0.2,0,0,below specification scale,1.5,5,0,10,G_p2,deterministic specification-scale comparison; not probability
2,1.995,5,25,0.5,0.2,0.2,0,0,below specification scale,2,5,0,10,G_p2,deterministic specification-scale comparison; not probability
3,2.995,5,25,0.5,0.2,0.2,0,0,below specification scale,3,5,0,10,G_p2,deterministic specification-scale comparison; not probability
0.5,0.49,10,25,1,0.4,0.4,1,0,below specification scale,0.5,10,0,10,G_p2,deterministic specification-scale comparison; not probability
1,0.99,10,25,1,0.4,0.4,1,0,below specification scale,1,10,0,10,G_p2,deterministic specification-scale comparison; not probability
1.5,1.49,10,25,1,0.4,0.4,0,0,below specification scale,1.5,10,0,10,G_p2,deterministic specification-scale comparison; not probability
2,1.99,10,25,1,0.4,0.4,0,0,below specification scale,2,10,0,10,G_p2,deterministic specification-scale comparison; not probability
3,2.99,10,25,1,0.4,0.4,0,0,below specification scale,3,10,0,10,G_p2,deterministic specification-scale comparison; not probability
0.5,0.48,20,25,2,0.8,0.8,1,0,below specification scale,0.5,20,0,10,G_p2,deterministic specification-scale comparison; not probability
1,0.98,20,25,2,0.8,0.8,1,0,below specification scale,1,20,0,10,G_p2,deterministic specification-scale comparison; not probability
1.5,1.48,20,25,2,0.8,0.8,0,0,below specification scale,1.5,20,0,10,G_p2,deterministic specification-scale comparison; not probability
2,1.98,20,25,2,0.8,0.8,0,0,below specification scale,2,20,0,10,G_p2,deterministic specification-scale comparison; not probability
3,2.98,20,25,2,0.8,0.8,0,0,below specification scale,3,20,0,10,G_p2,deterministic specification-scale comparison; not probability
0.5,0.47,30,25,3,1.2,1.2,1,0,above specification scale,0.5,30,0,10,G_p2,deterministic specification-scale comparison; not probability
1,0.97,30,25,3,1.2,1.2,1,0,above specification scale,1,30,0,10,G_p2,deterministic specification-scale comparison; not probability
1.5,1.47,30,25,3,1.2,1.2,0,0,above specification scale,1.5,30,0,10,G_p2,deterministic specification-scale comparison; not probability
2,1.97,30,25,3,1.2,1.2,0,0,above specification scale,2,30,0,10,G_p2,deterministic specification-scale comparison; not probability
3,2.97,30,25,3,1.2,1.2,0,0,above specification scale,3,30,0,10,G_p2,deterministic specification-scale comparison; not probability
0.507713305942873,0.507713305942873,0,25,0,0,0,1,0,below specification scale,0.5,0,10,10,G_p2,deterministic specification-scale comparison; not probability
1.01542661188575,1.01542661188575,0,25,0,0,0,0,0,below specification scale,1,0,10,10,G_p2,deterministic specification-scale comparison; not probability
1.52313991782862,1.52313991782862,0,25,0,0,0,0,0,below specification scale,1.5,0,10,10,G_p2,deterministic specification-scale comparison; not probability
2.03085322377149,2.03085322377149,0,25,0,0,0,0,0,below specification scale,2,0,10,10,G_p2,deterministic specification-scale comparison; not probability
3.04627983565724,3.04627983565724,0,25,0,0,0,0,0,below specification scale,3,0,10,10,G_p2,deterministic specification-scale comparison; not probability
0.507713305942873,0.506697879330987,1.01542661188575,25,0.101542661188574,0.0406170644754298,0.0406170644754298,1,0,below specification scale,0.5,1,10,10,G_p2,deterministic specification-scale comparison; not probability
1.01542661188575,1.01441118527386,1.01542661188575,25,0.101542661188574,0.0406170644754298,0.0406170644754298,0,0,below specification scale,1,1,10,10,G_p2,deterministic specification-scale comparison; not probability
1.52313991782862,1.52212449121673,1.01542661188575,25,0.101542661188574,0.0406170644754298,0.0406170644754298,0,0,below specification scale,1.5,1,10,10,G_p2,deterministic specification-scale comparison; not probability
2.03085322377149,2.0298377971596,1.01542661188575,25,0.101542661188574,0.0406170644754298,0.0406170644754298,0,0,below specification scale,2,1,10,10,G_p2,deterministic specification-scale comparison; not probability
3.04627983565724,3.04526440904535,1.01542661188575,25,0.101542661188574,0.0406170644754298,0.0406170644754298,0,0,below specification scale,3,1,10,10,G_p2,deterministic specification-scale comparison; not probability
0.507713305942873,0.505682452719101,2.03085322377149,25,0.203085322377149,0.0812341289508596,0.0812341289508596,1,0,below specification scale,0.5,2,10,10,G_p2,deterministic specification-scale comparison; not probability
1.01542661188575,1.01339575866197,2.03085322377149,25,0.203085322377149,0.0812341289508596,0.0812341289508596,0,0,below specification scale,1,2,10,10,G_p2,deterministic specification-scale comparison; not probability
1.52313991782862,1.52110906460485,2.03085322377149,25,0.203085322377149,0.0812341289508596,0.0812341289508596,0,0,below specification scale,1.5,2,10,10,G_p2,deterministic specification-scale comparison; not probability
2.03085322377149,2.02882237054772,2.03085322377149,25,0.203085322377149,0.0812341289508596,0.0812341289508596,0,0,below specification scale,2,2,10,10,G_p2,deterministic specification-scale comparison; not probability
3.04627983565724,3.04424898243346,2.03085322377149,25,0.203085322377149,0.0812341289508596,0.0812341289508596,0,0,below specification scale,3,2,10,10,G_p2,deterministic specification-scale comparison; not probability
0.507713305942873,0.504667026107215,3.04627983565724,25,0.304627983565724,0.121851193426289,0.121851193426289,1,0,below specification scale,0.5,3,10,10,G_p2,deterministic specification-scale comparison; not probability
1.01542661188575,1.01238033205009,3.04627983565724,25,0.304627983565724,0.121851193426289,0.121851193426289,0,0,below specification scale,1,3,10,10,G_p2,deterministic specification-scale comparison; not probability
1.52313991782862,1.52009363799296,3.04627983565724,25,0.304627983565724,0.121851193426289,0.121851193426289,0,0,below specification scale,1.5,3,10,10,G_p2,deterministic specification-scale comparison; not probability
2.03085322377149,2.02780694393583,3.04627983565724,25,0.304627983565724,0.121851193426289,0.121851193426289,0,0,below specification scale,2,3,10,10,G_p2,deterministic specification-scale comparison; not probability
3.04627983565724,3.04323355582158,3.04627983565724,25,0.304627983565724,0.121851193426289,0.121851193426289,0,0,below specification scale,3,3,10,10,G_p2,deterministic specification-scale comparison; not probability
0.507713305942873,0.502636172883444,5.07713305942872,25,0.507713305942872,0.203085322377149,0.203085322377149,1,0,below specification scale,0.5,5,10,10,G_p2,deterministic specification-scale comparison; not probability
1.01542661188575,1.01034947882632,5.07713305942872,25,0.507713305942872,0.203085322377149,0.203085322377149,0,0,below specification scale,1,5,10,10,G_p2,deterministic specification-scale comparison; not probability
1.52313991782862,1.51806278476919,5.07713305942872,25,0.507713305942872,0.203085322377149,0.203085322377149,0,0,below specification scale,1.5,5,10,10,G_p2,deterministic specification-scale comparison; not probability
2.03085322377149,2.02577609071206,5.07713305942872,25,0.507713305942872,0.203085322377149,0.203085322377149,0,0,below specification scale,2,5,10,10,G_p2,deterministic specification-scale comparison; not probability
3.04627983565724,3.04120270259781,5.07713305942872,25,0.507713305942872,0.203085322377149,0.203085322377149,0,0,below specification scale,3,5,10,10,G_p2,deterministic specification-scale comparison; not probability
0.507713305942873,0.497559039824015,10.1542661188574,25,1.01542661188574,0.406170644754298,0.406170644754298,1,0,below specification scale,0.5,10,10,10,G_p2,deterministic specification-scale comparison; not probability
1.01542661188575,1.00527234576689,10.1542661188574,25,1.01542661188574,0.406170644754298,0.406170644754298,0,0,below specification scale,1,10,10,10,G_p2,deterministic specification-scale comparison; not probability
1.52313991782862,1.51298565170976,10.1542661188574,25,1.01542661188574,0.406170644754298,0.406170644754298,0,0,below specification scale,1.5,10,10,10,G_p2,deterministic specification-scale comparison; not probability
2.03085322377149,2.02069895765263,10.1542661188574,25,1.01542661188574,0.406170644754298,0.406170644754298,0,0,below specification scale,2,10,10,10,G_p2,deterministic specification-scale comparison; not probability
3.04627983565724,3.03612556953838,10.1542661188574,25,1.01542661188574,0.406170644754298,0.406170644754298,0,0,below specification scale,3,10,10,10,G_p2,deterministic specification-scale comparison; not probability
0.507713305942873,0.487404773705158,20.3085322377149,25,2.03085322377149,0.812341289508596,0.812341289508596,1,0,below specification scale,0.5,20,10,10,G_p2,deterministic specification-scale comparison; not probability
1.01542661188575,0.99511807964803,20.3085322377149,25,2.03085322377149,0.812341289508596,0.812341289508596,1,0,below specification scale,1,20,10,10,G_p2,deterministic specification-scale comparison; not probability
1.52313991782862,1.5028313855909,20.3085322377149,25,2.03085322377149,0.812341289508596,0.812341289508596,0,0,below specification scale,1.5,20,10,10,G_p2,deterministic specification-scale comparison; not probability
2.03085322377149,2.01054469153378,20.3085322377149,25,2.03085322377149,0.812341289508596,0.812341289508596,0,0,below specification scale,2,20,10,10,G_p2,deterministic specification-scale comparison; not probability
3.04627983565724,3.02597130341952,20.3085322377149,25,2.03085322377149,0.812341289508596,0.812341289508596,0,0,below specification scale,3,20,10,10,G_p2,deterministic specification-scale comparison; not probability
0.507713305942873,0.4772505075863,30.4627983565723,25,3.04627983565724,1.21851193426289,1.21851193426289,1,0,above specification scale,0.5,30,10,10,G_p2,deterministic specification-scale comparison; not probability
1.01542661188575,0.984963813529173,30.4627983565723,25,3.04627983565724,1.21851193426289,1.21851193426289,1,0,above specification scale,1,30,10,10,G_p2,deterministic specification-scale comparison; not probability
1.52313991782862,1.49267711947205,30.4627983565723,25,3.04627983565724,1.21851193426289,1.21851193426289,0,0,above specification scale,1.5,30,10,10,G_p2,deterministic specification-scale comparison; not probability
2.03085322377149,2.00039042541492,30.4627983565723,25,3.04627983565724,1.21851193426289,1.21851193426289,0,0,above specification scale,2,30,10,10,G_p2,deterministic specification-scale comparison; not probability
3.04627983565724,3.01581703730066,30.4627983565723,25,3.04627983565724,1.21851193426289,1.21851193426289,0,0,above specification scale,3,30,10,10,G_p2,deterministic specification-scale comparison; not probability
0.532088886237956,0.532088886237956,0,25,0,0,0,1,0,below specification scale,0.5,0,20,10,G_p2,deterministic specification-scale comparison; not probability
1.06417777247591,1.06417777247591,0,25,0,0,0,0,0,below specification scale,1,0,20,10,G_p2,deterministic specification-scale comparison; not probability
1.59626665871387,1.59626665871387,0,25,0,0,0,0,0,below specification scale,1.5,0,20,10,G_p2,deterministic specification-scale comparison; not probability
2.12835554495182,2.12835554495182,0,25,0,0,0,0,0,below specification scale,2,0,20,10,G_p2,deterministic specification-scale comparison; not probability
3.19253331742774,3.19253331742774,0,25,0,0,0,0,0,below specification scale,3,0,20,10,G_p2,deterministic specification-scale comparison; not probability
0.532088886237956,0.53102470846548,1.06417777247591,25,0.106417777247591,0.0425671108990365,0.0425671108990365,1,0,below specification scale,0.5,1,20,10,G_p2,deterministic specification-scale comparison; not probability
1.06417777247591,1.06311359470344,1.06417777247591,25,0.106417777247591,0.0425671108990365,0.0425671108990365,0,0,below specification scale,1,1,20,10,G_p2,deterministic specification-scale comparison; not probability
1.59626665871387,1.59520248094139,1.06417777247591,25,0.106417777247591,0.0425671108990365,0.0425671108990365,0,0,below specification scale,1.5,1,20,10,G_p2,deterministic specification-scale comparison; not probability
2.12835554495182,2.12729136717935,1.06417777247591,25,0.106417777247591,0.0425671108990365,0.0425671108990365,0,0,below specification scale,2,1,20,10,G_p2,deterministic specification-scale comparison; not probability
3.19253331742774,3.19146913965526,1.06417777247591,25,0.106417777247591,0.0425671108990365,0.0425671108990365,0,0,below specification scale,3,1,20,10,G_p2,deterministic specification-scale comparison; not probability
0.532088886237956,0.529960530693004,2.12835554495182,25,0.212835554495182,0.085134221798073,0.085134221798073,1,0,below specification scale,0.5,2,20,10,G_p2,deterministic specification-scale comparison; not probability
1.06417777247591,1.06204941693096,2.12835554495182,25,0.212835554495182,0.085134221798073,0.085134221798073,0,0,below specification scale,1,2,20,10,G_p2,deterministic specification-scale comparison; not probability
1.59626665871387,1.59413830316892,2.12835554495182,25,0.212835554495182,0.085134221798073,0.085134221798073,0,0,below specification scale,1.5,2,20,10,G_p2,deterministic specification-scale comparison; not probability
2.12835554495182,2.12622718940687,2.12835554495182,25,0.212835554495182,0.085134221798073,0.085134221798073,0,0,below specification scale,2,2,20,10,G_p2,deterministic specification-scale comparison; not probability
3.19253331742774,3.19040496188278,2.12835554495182,25,0.212835554495182,0.085134221798073,0.085134221798073,0,0,below specification scale,3,2,20,10,G_p2,deterministic specification-scale comparison; not probability
0.532088886237956,0.528896352920528,3.19253331742774,25,0.319253331742774,0.127701332697109,0.127701332697109,1,0,below specification scale,0.5,3,20,10,G_p2,deterministic specification-scale comparison; not probability
1.06417777247591,1.06098523915848,3.19253331742774,25,0.319253331742774,0.127701332697109,0.127701332697109,0,0,below specification scale,1,3,20,10,G_p2,deterministic specification-scale comparison; not probability
1.59626665871387,1.59307412539644,3.19253331742774,25,0.319253331742774,0.127701332697109,0.127701332697109,0,0,below specification scale,1.5,3,20,10,G_p2,deterministic specification-scale comparison; not probability
2.12835554495182,2.1251630116344,3.19253331742774,25,0.319253331742774,0.127701332697109,0.127701332697109,0,0,below specification scale,2,3,20,10,G_p2,deterministic specification-scale comparison; not probability
3.19253331742774,3.18934078411031,3.19253331742774,25,0.319253331742774,0.127701332697109,0.127701332697109,0,0,below specification scale,3,3,20,10,G_p2,deterministic specification-scale comparison; not probability
0.532088886237956,0.526767997375576,5.32088886237956,25,0.532088886237956,0.212835554495182,0.212835554495182,1,0,below specification scale,0.5,5,20,10,G_p2,deterministic specification-scale comparison; not probability
1.06417777247591,1.05885688361353,5.32088886237956,25,0.532088886237956,0.212835554495182,0.212835554495182,0,0,below specification scale,1,5,20,10,G_p2,deterministic specification-scale comparison; not probability
1.59626665871387,1.59094576985149,5.32088886237956,25,0.532088886237956,0.212835554495182,0.212835554495182,0,0,below specification scale,1.5,5,20,10,G_p2,deterministic specification-scale comparison; not probability
2.12835554495182,2.12303465608944,5.32088886237956,25,0.532088886237956,0.212835554495182,0.212835554495182,0,0,below specification scale,2,5,20,10,G_p2,deterministic specification-scale comparison; not probability
3.19253331742774,3.18721242856536,5.32088886237956,25,0.532088886237956,0.212835554495182,0.212835554495182,0,0,below specification scale,3,5,20,10,G_p2,deterministic specification-scale comparison; not probability
0.532088886237956,0.521447108513197,10.6417777247591,25,1.06417777247591,0.425671108990365,0.425671108990365,1,0,below specification scale,0.5,10,20,10,G_p2,deterministic specification-scale comparison; not probability
1.06417777247591,1.05353599475115,10.6417777247591,25,1.06417777247591,0.425671108990365,0.425671108990365,0,0,below specification scale,1,10,20,10,G_p2,deterministic specification-scale comparison; not probability
1.59626665871387,1.58562488098911,10.6417777247591,25,1.06417777247591,0.425671108990365,0.425671108990365,0,0,below specification scale,1.5,10,20,10,G_p2,deterministic specification-scale comparison; not probability
2.12835554495182,2.11771376722707,10.6417777247591,25,1.06417777247591,0.425671108990365,0.425671108990365,0,0,below specification scale,2,10,20,10,G_p2,deterministic specification-scale comparison; not probability
3.19253331742774,3.18189153970298,10.6417777247591,25,1.06417777247591,0.425671108990365,0.425671108990365,0,0,below specification scale,3,10,20,10,G_p2,deterministic specification-scale comparison; not probability
0.532088886237956,0.510805330788438,21.2835554495182,25,2.12835554495182,0.85134221798073,0.85134221798073,1,0,below specification scale,0.5,20,20,10,G_p2,deterministic specification-scale comparison; not probability
1.06417777247591,1.04289421702639,21.2835554495182,25,2.12835554495182,0.85134221798073,0.85134221798073,0,0,below specification scale,1,20,20,10,G_p2,deterministic specification-scale comparison; not probability
1.59626665871387,1.57498310326435,21.2835554495182,25,2.12835554495182,0.85134221798073,0.85134221798073,0,0,below specification scale,1.5,20,20,10,G_p2,deterministic specification-scale comparison; not probability
2.12835554495182,2.10707198950231,21.2835554495182,25,2.12835554495182,0.85134221798073,0.85134221798073,0,0,below specification scale,2,20,20,10,G_p2,deterministic specification-scale comparison; not probability
3.19253331742774,3.17124976197822,21.2835554495182,25,2.12835554495182,0.85134221798073,0.85134221798073,0,0,below specification scale,3,20,20,10,G_p2,deterministic specification-scale comparison; not probability
0.532088886237956,0.500163553063679,31.9253331742774,25,3.19253331742774,1.27701332697109,1.27701332697109,1,0,above specification scale,0.5,30,20,10,G_p2,deterministic specification-scale comparison; not probability
1.06417777247591,1.03225243930163,31.9253331742774,25,3.19253331742774,1.27701332697109,1.27701332697109,0,0,above specification scale,1,30,20,10,G_p2,deterministic specification-scale comparison; not probability
1.59626665871387,1.56434132553959,31.9253331742774,25,3.19253331742774,1.27701332697109,1.27701332697109,0,0,above specification scale,1.5,30,20,10,G_p2,deterministic specification-scale comparison; not probability
2.12835554495182,2.09643021177755,31.9253331742774,25,3.19253331742774,1.27701332697109,1.27701332697109,0,0,above specification scale,2,30,20,10,G_p2,deterministic specification-scale comparison; not probability
3.19253331742774,3.16060798425346,31.9253331742774,25,3.19253331742774,1.27701332697109,1.27701332697109,0,0,above specification scale,3,30,20,10,G_p2,deterministic specification-scale comparison; not probability
0.577350269189626,0.577350269189626,0,25,0,0,0,1,0,below specification scale,0.5,0,30,10,G_p2,deterministic specification-scale comparison; not probability
1.15470053837925,1.15470053837925,0,25,0,0,0,0,0,below specification scale,1,0,30,10,G_p2,deterministic specification-scale comparison; not probability
1.73205080756888,1.73205080756888,0,25,0,0,0,0,0,below specification scale,1.5,0,30,10,G_p2,deterministic specification-scale comparison; not probability
2.3094010767585,2.3094010767585,0,25,0,0,0,0,0,below specification scale,2,0,30,10,G_p2,deterministic specification-scale comparison; not probability
3.46410161513775,3.46410161513775,0,25,0,0,0,0,0,below specification scale,3,0,30,10,G_p2,deterministic specification-scale comparison; not probability
0.577350269189626,0.576195568651247,1.15470053837925,25,0.115470053837925,0.0461880215351701,0.0461880215351701,1,0,below specification scale,0.5,1,30,10,G_p2,deterministic specification-scale comparison; not probability
1.15470053837925,1.15354583784087,1.15470053837925,25,0.115470053837925,0.0461880215351701,0.0461880215351701,0,0,below specification scale,1,1,30,10,G_p2,deterministic specification-scale comparison; not probability
1.73205080756888,1.7308961070305,1.15470053837925,25,0.115470053837925,0.0461880215351701,0.0461880215351701,0,0,below specification scale,1.5,1,30,10,G_p2,deterministic specification-scale comparison; not probability
2.3094010767585,2.30824637622012,1.15470053837925,25,0.115470053837925,0.0461880215351701,0.0461880215351701,0,0,below specification scale,2,1,30,10,G_p2,deterministic specification-scale comparison; not probability
3.46410161513775,3.46294691459938,1.15470053837925,25,0.115470053837925,0.0461880215351701,0.0461880215351701,0,0,below specification scale,3,1,30,10,G_p2,deterministic specification-scale comparison; not probability
0.577350269189626,0.575040868112867,2.3094010767585,25,0.23094010767585,0.0923760430703401,0.0923760430703401,1,0,below specification scale,0.5,2,30,10,G_p2,deterministic specification-scale comparison; not probability
1.15470053837925,1.15239113730249,2.3094010767585,25,0.23094010767585,0.0923760430703401,0.0923760430703401,0,0,below specification scale,1,2,30,10,G_p2,deterministic specification-scale comparison; not probability
1.73205080756888,1.72974140649212,2.3094010767585,25,0.23094010767585,0.0923760430703401,0.0923760430703401,0,0,below specification scale,1.5,2,30,10,G_p2,deterministic specification-scale comparison; not probability
2.3094010767585,2.30709167568174,2.3094010767585,25,0.23094010767585,0.0923760430703401,0.0923760430703401,0,0,below specification scale,2,2,30,10,G_p2,deterministic specification-scale comparison; not probability
3.46410161513775,3.461792214061,2.3094010767585,25,0.23094010767585,0.0923760430703401,0.0923760430703401,0,0,below specification scale,3,2,30,10,G_p2,deterministic specification-scale comparison; not probability
0.577350269189626,0.573886167574488,3.46410161513775,25,0.346410161513775,0.13856406460551,0.13856406460551,1,0,below specification scale,0.5,3,30,10,G_p2,deterministic specification-scale comparison; not probability
1.15470053837925,1.15123643676411,3.46410161513775,25,0.346410161513775,0.13856406460551,0.13856406460551,0,0,below specification scale,1,3,30,10,G_p2,deterministic specification-scale comparison; not probability
1.73205080756888,1.72858670595374,3.46410161513775,25,0.346410161513775,0.13856406460551,0.13856406460551,0,0,below specification scale,1.5,3,30,10,G_p2,deterministic specification-scale comparison; not probability
2.3094010767585,2.30593697514337,3.46410161513775,25,0.346410161513775,0.13856406460551,0.13856406460551,0,0,below specification scale,2,3,30,10,G_p2,deterministic specification-scale comparison; not probability
3.46410161513775,3.46063751352262,3.46410161513775,25,0.346410161513775,0.13856406460551,0.13856406460551,0,0,below specification scale,3,3,30,10,G_p2,deterministic specification-scale comparison; not probability
0.577350269189626,0.571576766497729,5.77350269189626,25,0.577350269189626,0.23094010767585,0.23094010767585,1,0,below specification scale,0.5,5,30,10,G_p2,deterministic specification-scale comparison; not probability
1.15470053837925,1.14892703568736,5.77350269189626,25,0.577350269189626,0.23094010767585,0.23094010767585,0,0,below specification scale,1,5,30,10,G_p2,deterministic specification-scale comparison; not probability
1.73205080756888,1.72627730487698,5.77350269189626,25,0.577350269189626,0.23094010767585,0.23094010767585,0,0,below specification scale,1.5,5,30,10,G_p2,deterministic specification-scale comparison; not probability
2.3094010767585,2.30362757406661,5.77350269189626,25,0.577350269189626,0.23094010767585,0.23094010767585,0,0,below specification scale,2,5,30,10,G_p2,deterministic specification-scale comparison; not probability
3.46410161513775,3.45832811244586,5.77350269189626,25,0.577350269189626,0.23094010767585,0.23094010767585,0,0,below specification scale,3,5,30,10,G_p2,deterministic specification-scale comparison; not probability
0.577350269189626,0.565803263805833,11.5470053837925,25,1.15470053837925,0.461880215351701,0.461880215351701,1,0,below specification scale,0.5,10,30,10,G_p2,deterministic specification-scale comparison; not probability
1.15470053837925,1.14315353299546,11.5470053837925,25,1.15470053837925,0.461880215351701,0.461880215351701,0,0,below specification scale,1,10,30,10,G_p2,deterministic specification-scale comparison; not probability
1.73205080756888,1.72050380218508,11.5470053837925,25,1.15470053837925,0.461880215351701,0.461880215351701,0,0,below specification scale,1.5,10,30,10,G_p2,deterministic specification-scale comparison; not probability
2.3094010767585,2.29785407137471,11.5470053837925,25,1.15470053837925,0.461880215351701,0.461880215351701,0,0,below specification scale,2,10,30,10,G_p2,deterministic specification-scale comparison; not probability
3.46410161513775,3.45255460975396,11.5470053837925,25,1.15470053837925,0.461880215351701,0.461880215351701,0,0,below specification scale,3,10,30,10,G_p2,deterministic specification-scale comparison; not probability
0.577350269189626,0.554256258422041,23.094010767585,25,2.3094010767585,0.923760430703401,0.923760430703401,1,0,below specification scale,0.5,20,30,10,G_p2,deterministic specification-scale comparison; not probability
1.15470053837925,1.13160652761167,23.094010767585,25,2.3094010767585,0.923760430703401,0.923760430703401,0,0,below specification scale,1,20,30,10,G_p2,deterministic specification-scale comparison; not probability
1.73205080756888,1.70895679680129,23.094010767585,25,2.3094010767585,0.923760430703401,0.923760430703401,0,0,below specification scale,1.5,20,30,10,G_p2,deterministic specification-scale comparison; not probability
2.3094010767585,2.28630706599092,23.094010767585,25,2.3094010767585,0.923760430703401,0.923760430703401,0,0,below specification scale,2,20,30,10,G_p2,deterministic specification-scale comparison; not probability
3.46410161513775,3.44100760437017,23.094010767585,25,2.3094010767585,0.923760430703401,0.923760430703401,0,0,below specification scale,3,20,30,10,G_p2,deterministic specification-scale comparison; not probability
0.577350269189626,0.542709253038248,34.6410161513775,25,3.46410161513775,1.3856406460551,1.3856406460551,1,0,above specification scale,0.5,30,30,10,G_p2,deterministic specification-scale comparison; not probability
1.15470053837925,1.12005952222787,34.6410161513775,25,3.46410161513775,1.3856406460551,1.3856406460551,0,0,above specification scale,1,30,30,10,G_p2,deterministic specification-scale comparison; not probability
1.73205080756888,1.6974097914175,34.6410161513775,25,3.46410161513775,1.3856406460551,1.3856406460551,0,0,above specification scale,1.5,30,30,10,G_p2,deterministic specification-scale comparison; not probability
2.3094010767585,2.27476006060713,34.6410161513775,25,3.46410161513775,1.3856406460551,1.3856406460551,0,0,above specification scale,2,30,30,10,G_p2,deterministic specification-scale comparison; not probability
3.46410161513775,3.42946059898638,34.6410161513775,25,3.46410161513775,1.3856406460551,1.3856406460551,0,0,above specification scale,3,30,30,10,G_p2,deterministic specification-scale comparison; not probability
0.652703644666139,0.652703644666139,0,25,0,0,0,1,0,below specification scale,0.5,0,40,10,G_p2,deterministic specification-scale comparison; not probability
1.30540728933228,1.30540728933228,0,25,0,0,0,0,0,below specification scale,1,0,40,10,G_p2,deterministic specification-scale comparison; not probability
1.95811093399842,1.95811093399842,0,25,0,0,0,0,0,below specification scale,1.5,0,40,10,G_p2,deterministic specification-scale comparison; not probability
2.61081457866456,2.61081457866456,0,25,0,0,0,0,0,below specification scale,2,0,40,10,G_p2,deterministic specification-scale comparison; not probability
3.91622186799684,3.91622186799684,0,25,0,0,0,0,0,below specification scale,3,0,40,10,G_p2,deterministic specification-scale comparison; not probability
0.652703644666139,0.651398237376807,1.30540728933228,25,0.130540728933228,0.0522162915732911,0.0522162915732911,1,0,below specification scale,0.5,1,40,10,G_p2,deterministic specification-scale comparison; not probability
1.30540728933228,1.30410188204295,1.30540728933228,25,0.130540728933228,0.0522162915732911,0.0522162915732911,0,0,below specification scale,1,1,40,10,G_p2,deterministic specification-scale comparison; not probability
1.95811093399842,1.95680552670909,1.30540728933228,25,0.130540728933228,0.0522162915732911,0.0522162915732911,0,0,below specification scale,1.5,1,40,10,G_p2,deterministic specification-scale comparison; not probability
2.61081457866456,2.60950917137523,1.30540728933228,25,0.130540728933228,0.0522162915732911,0.0522162915732911,0,0,below specification scale,2,1,40,10,G_p2,deterministic specification-scale comparison; not probability
3.91622186799684,3.9149164607075,1.30540728933228,25,0.130540728933228,0.0522162915732911,0.0522162915732911,0,0,below specification scale,3,1,40,10,G_p2,deterministic specification-scale comparison; not probability
0.652703644666139,0.650092830087475,2.61081457866456,25,0.261081457866456,0.104432583146582,0.104432583146582,1,0,below specification scale,0.5,2,40,10,G_p2,deterministic specification-scale comparison; not probability
1.30540728933228,1.30279647475361,2.61081457866456,25,0.261081457866456,0.104432583146582,0.104432583146582,0,0,below specification scale,1,2,40,10,G_p2,deterministic specification-scale comparison; not probability
1.95811093399842,1.95550011941975,2.61081457866456,25,0.261081457866456,0.104432583146582,0.104432583146582,0,0,below specification scale,1.5,2,40,10,G_p2,deterministic specification-scale comparison; not probability
2.61081457866456,2.60820376408589,2.61081457866456,25,0.261081457866456,0.104432583146582,0.104432583146582,0,0,below specification scale,2,2,40,10,G_p2,deterministic specification-scale comparison; not probability
3.91622186799684,3.91361105341817,2.61081457866456,25,0.261081457866456,0.104432583146582,0.104432583146582,0,0,below specification scale,3,2,40,10,G_p2,deterministic specification-scale comparison; not probability
0.652703644666139,0.648787422798142,3.91622186799684,25,0.391622186799684,0.156648874719873,0.156648874719873,1,0,below specification scale,0.5,3,40,10,G_p2,deterministic specification-scale comparison; not probability
1.30540728933228,1.30149106746428,3.91622186799684,25,0.391622186799684,0.156648874719873,0.156648874719873,0,0,below specification scale,1,3,40,10,G_p2,deterministic specification-scale comparison; not probability
1.95811093399842,1.95419471213042,3.91622186799684,25,0.391622186799684,0.156648874719873,0.156648874719873,0,0,below specification scale,1.5,3,40,10,G_p2,deterministic specification-scale comparison; not probability
2.61081457866456,2.60689835679656,3.91622186799684,25,0.391622186799684,0.156648874719873,0.156648874719873,0,0,below specification scale,2,3,40,10,G_p2,deterministic specification-scale comparison; not probability
3.91622186799684,3.91230564612884,3.91622186799684,25,0.391622186799684,0.156648874719873,0.156648874719873,0,0,below specification scale,3,3,40,10,G_p2,deterministic specification-scale comparison; not probability
0.652703644666139,0.646176608219478,6.52703644666139,25,0.652703644666139,0.261081457866456,0.261081457866456,1,0,below specification scale,0.5,5,40,10,G_p2,deterministic specification-scale comparison; not probability
1.30540728933228,1.29888025288562,6.52703644666139,25,0.652703644666139,0.261081457866456,0.261081457866456,0,0,below specification scale,1,5,40,10,G_p2,deterministic specification-scale comparison; not probability
1.95811093399842,1.95158389755176,6.52703644666139,25,0.652703644666139,0.261081457866456,0.261081457866456,0,0,below specification scale,1.5,5,40,10,G_p2,deterministic specification-scale comparison; not probability
2.61081457866456,2.6042875422179,6.52703644666139,25,0.652703644666139,0.261081457866456,0.261081457866456,0,0,below specification scale,2,5,40,10,G_p2,deterministic specification-scale comparison; not probability
3.91622186799684,3.90969483155017,6.52703644666139,25,0.652703644666139,0.261081457866456,0.261081457866456,0,0,below specification scale,3,5,40,10,G_p2,deterministic specification-scale comparison; not probability
0.652703644666139,0.639649571772817,13.0540728933228,25,1.30540728933228,0.522162915732911,0.522162915732911,1,0,below specification scale,0.5,10,40,10,G_p2,deterministic specification-scale comparison; not probability
1.30540728933228,1.29235321643896,13.0540728933228,25,1.30540728933228,0.522162915732911,0.522162915732911,0,0,below specification scale,1,10,40,10,G_p2,deterministic specification-scale comparison; not probability
1.95811093399842,1.9450568611051,13.0540728933228,25,1.30540728933228,0.522162915732911,0.522162915732911,0,0,below specification scale,1.5,10,40,10,G_p2,deterministic specification-scale comparison; not probability
2.61081457866456,2.59776050577123,13.0540728933228,25,1.30540728933228,0.522162915732911,0.522162915732911,0,0,below specification scale,2,10,40,10,G_p2,deterministic specification-scale comparison; not probability
3.91622186799684,3.90316779510351,13.0540728933228,25,1.30540728933228,0.522162915732911,0.522162915732911,0,0,below specification scale,3,10,40,10,G_p2,deterministic specification-scale comparison; not probability
0.652703644666139,0.626595498879494,26.1081457866456,25,2.61081457866456,1.04432583146582,1.04432583146582,1,0,above specification scale,0.5,20,40,10,G_p2,deterministic specification-scale comparison; not probability
1.30540728933228,1.27929914354563,26.1081457866456,25,2.61081457866456,1.04432583146582,1.04432583146582,0,0,above specification scale,1,20,40,10,G_p2,deterministic specification-scale comparison; not probability
1.95811093399842,1.93200278821177,26.1081457866456,25,2.61081457866456,1.04432583146582,1.04432583146582,0,0,above specification scale,1.5,20,40,10,G_p2,deterministic specification-scale comparison; not probability
2.61081457866456,2.58470643287791,26.1081457866456,25,2.61081457866456,1.04432583146582,1.04432583146582,0,0,above specification scale,2,20,40,10,G_p2,deterministic specification-scale comparison; not probability
3.91622186799684,3.89011372221019,26.1081457866456,25,2.61081457866456,1.04432583146582,1.04432583146582,0,0,above specification scale,3,20,40,10,G_p2,deterministic specification-scale comparison; not probability
0.652703644666139,0.613541425986171,39.1622186799684,25,3.91622186799684,1.56648874719873,1.56648874719873,1,0,above specification scale,0.5,30,40,10,G_p2,deterministic specification-scale comparison; not probability
1.30540728933228,1.26624507065231,39.1622186799684,25,3.91622186799684,1.56648874719873,1.56648874719873,0,0,above specification scale,1,30,40,10,G_p2,deterministic specification-scale comparison; not probability
1.95811093399842,1.91894871531845,39.1622186799684,25,3.91622186799684,1.56648874719873,1.56648874719873,0,0,above specification scale,1.5,30,40,10,G_p2,deterministic specification-scale comparison; not probability
2.61081457866456,2.57165235998459,39.1622186799684,25,3.91622186799684,1.56648874719873,1.56648874719873,0,0,above specification scale,2,30,40,10,G_p2,deterministic specification-scale comparison; not probability
3.91622186799684,3.87705964931687,39.1622186799684,25,3.91622186799684,1.56648874719873,1.56648874719873,0,0,above specification scale,3,30,40,10,G_p2,deterministic specification-scale comparison; not probability
0.777861913430206,0.777861913430206,0,25,0,0,0,1,0,below specification scale,0.5,0,50,10,G_p2,deterministic specification-scale comparison; not probability
1.55572382686041,1.55572382686041,0,25,0,0,0,0,0,below specification scale,1,0,50,10,G_p2,deterministic specification-scale comparison; not probability
2.33358574029062,2.33358574029062,0,25,0,0,0,0,0,below specification scale,1.5,0,50,10,G_p2,deterministic specification-scale comparison; not probability
3.11144765372083,3.11144765372083,0,25,0,0,0,0,0,below specification scale,2,0,50,10,G_p2,deterministic specification-scale comparison; not probability
4.66717148058124,4.66717148058124,0,25,0,0,0,0,0,below specification scale,3,0,50,10,G_p2,deterministic specification-scale comparison; not probability
0.777861913430206,0.776306189603346,1.55572382686041,25,0.155572382686041,0.0622289530744165,0.0622289530744165,1,0,below specification scale,0.5,1,50,10,G_p2,deterministic specification-scale comparison; not probability
1.55572382686041,1.55416810303355,1.55572382686041,25,0.155572382686041,0.0622289530744165,0.0622289530744165,0,0,below specification scale,1,1,50,10,G_p2,deterministic specification-scale comparison; not probability
2.33358574029062,2.33203001646376,1.55572382686041,25,0.155572382686041,0.0622289530744165,0.0622289530744165,0,0,below specification scale,1.5,1,50,10,G_p2,deterministic specification-scale comparison; not probability
3.11144765372083,3.10989192989396,1.55572382686041,25,0.155572382686041,0.0622289530744165,0.0622289530744165,0,0,below specification scale,2,1,50,10,G_p2,deterministic specification-scale comparison; not probability
4.66717148058124,4.66561575675438,1.55572382686041,25,0.155572382686041,0.0622289530744165,0.0622289530744165,0,0,below specification scale,3,1,50,10,G_p2,deterministic specification-scale comparison; not probability
0.777861913430206,0.774750465776485,3.11144765372083,25,0.311144765372083,0.124457906148833,0.124457906148833,1,0,below specification scale,0.5,2,50,10,G_p2,deterministic specification-scale comparison; not probability
1.55572382686041,1.55261237920669,3.11144765372083,25,0.311144765372083,0.124457906148833,0.124457906148833,0,0,below specification scale,1,2,50,10,G_p2,deterministic specification-scale comparison; not probability
2.33358574029062,2.3304742926369,3.11144765372083,25,0.311144765372083,0.124457906148833,0.124457906148833,0,0,below specification scale,1.5,2,50,10,G_p2,deterministic specification-scale comparison; not probability
3.11144765372083,3.1083362060671,3.11144765372083,25,0.311144765372083,0.124457906148833,0.124457906148833,0,0,below specification scale,2,2,50,10,G_p2,deterministic specification-scale comparison; not probability
4.66717148058124,4.66406003292752,3.11144765372083,25,0.311144765372083,0.124457906148833,0.124457906148833,0,0,below specification scale,3,2,50,10,G_p2,deterministic specification-scale comparison; not probability
0.777861913430206,0.773194741949625,4.66717148058124,25,0.466717148058124,0.186686859223249,0.186686859223249,1,0,below specification scale,0.5,3,50,10,G_p2,deterministic specification-scale comparison; not probability
1.55572382686041,1.55105665537983,4.66717148058124,25,0.466717148058124,0.186686859223249,0.186686859223249,0,0,below specification scale,1,3,50,10,G_p2,deterministic specification-scale comparison; not probability
2.33358574029062,2.32891856881004,4.66717148058124,25,0.466717148058124,0.186686859223249,0.186686859223249,0,0,below specification scale,1.5,3,50,10,G_p2,deterministic specification-scale comparison; not probability
3.11144765372083,3.10678048224024,4.66717148058124,25,0.466717148058124,0.186686859223249,0.186686859223249,0,0,below specification scale,2,3,50,10,G_p2,deterministic specification-scale comparison; not probability
4.66717148058124,4.66250430910066,4.66717148058124,25,0.466717148058124,0.186686859223249,0.186686859223249,0,0,below specification scale,3,3,50,10,G_p2,deterministic specification-scale comparison; not probability
0.777861913430206,0.770083294295904,7.77861913430206,25,0.777861913430206,0.311144765372083,0.311144765372083,1,0,below specification scale,0.5,5,50,10,G_p2,deterministic specification-scale comparison; not probability
1.55572382686041,1.54794520772611,7.77861913430206,25,0.777861913430206,0.311144765372083,0.311144765372083,0,0,below specification scale,1,5,50,10,G_p2,deterministic specification-scale comparison; not probability
2.33358574029062,2.32580712115632,7.77861913430206,25,0.777861913430206,0.311144765372083,0.311144765372083,0,0,below specification scale,1.5,5,50,10,G_p2,deterministic specification-scale comparison; not probability
3.11144765372083,3.10366903458652,7.77861913430206,25,0.777861913430206,0.311144765372083,0.311144765372083,0,0,below specification scale,2,5,50,10,G_p2,deterministic specification-scale comparison; not probability
4.66717148058124,4.65939286144694,7.77861913430206,25,0.777861913430206,0.311144765372083,0.311144765372083,0,0,below specification scale,3,5,50,10,G_p2,deterministic specification-scale comparison; not probability
0.777861913430206,0.762304675161602,15.5572382686041,25,1.55572382686041,0.622289530744165,0.622289530744165,1,0,below specification scale,0.5,10,50,10,G_p2,deterministic specification-scale comparison; not probability
1.55572382686041,1.54016658859181,15.5572382686041,25,1.55572382686041,0.622289530744165,0.622289530744165,0,0,below specification scale,1,10,50,10,G_p2,deterministic specification-scale comparison; not probability
2.33358574029062,2.31802850202201,15.5572382686041,25,1.55572382686041,0.622289530744165,0.622289530744165,0,0,below specification scale,1.5,10,50,10,G_p2,deterministic specification-scale comparison; not probability
3.11144765372083,3.09589041545222,15.5572382686041,25,1.55572382686041,0.622289530744165,0.622289530744165,0,0,below specification scale,2,10,50,10,G_p2,deterministic specification-scale comparison; not probability
4.66717148058124,4.65161424231263,15.5572382686041,25,1.55572382686041,0.622289530744165,0.622289530744165,0,0,below specification scale,3,10,50,10,G_p2,deterministic specification-scale comparison; not probability
0.777861913430206,0.746747436892998,31.1144765372083,25,3.11144765372083,1.24457906148833,1.24457906148833,1,0,above specification scale,0.5,20,50,10,G_p2,deterministic specification-scale comparison; not probability
1.55572382686041,1.5246093503232,31.1144765372083,25,3.11144765372083,1.24457906148833,1.24457906148833,0,0,above specification scale,1,20,50,10,G_p2,deterministic specification-scale comparison; not probability
2.33358574029062,2.30247126375341,31.1144765372083,25,3.11144765372083,1.24457906148833,1.24457906148833,0,0,above specification scale,1.5,20,50,10,G_p2,deterministic specification-scale comparison; not probability
3.11144765372083,3.08033317718362,31.1144765372083,25,3.11144765372083,1.24457906148833,1.24457906148833,0,0,above specification scale,2,20,50,10,G_p2,deterministic specification-scale comparison; not probability
4.66717148058124,4.63605700404403,31.1144765372083,25,3.11144765372083,1.24457906148833,1.24457906148833,0,0,above specification scale,3,20,50,10,G_p2,deterministic specification-scale comparison; not probability
0.777861913430206,0.731190198624394,46.6717148058124,25,4.66717148058124,1.86686859223249,1.86686859223249,1,0,above specification scale,0.5,30,50,10,G_p2,deterministic specification-scale comparison; not probability
1.55572382686041,1.5090521120546,46.6717148058124,25,4.66717148058124,1.86686859223249,1.86686859223249,0,0,above specification scale,1,30,50,10,G_p2,deterministic specification-scale comparison; not probability
2.33358574029062,2.28691402548481,46.6717148058124,25,4.66717148058124,1.86686859223249,1.86686859223249,0,0,above specification scale,1.5,30,50,10,G_p2,deterministic specification-scale comparison; not probability
3.11144765372083,3.06477593891501,46.6717148058124,25,4.66717148058124,1.86686859223249,1.86686859223249,0,0,above specification scale,2,30,50,10,G_p2,deterministic specification-scale comparison; not probability
4.66717148058124,4.62049976577543,46.6717148058124,25,4.66717148058124,1.86686859223249,1.86686859223249,0,0,above specification scale,3,30,50,10,G_p2,deterministic specification-scale comparison; not probability
1,1,0,25,0,0,0,0,0,below specification scale,0.5,0,60,10,G_p2,deterministic specification-scale comparison; not probability
2,2,0,25,0,0,0,0,0,below specification scale,1,0,60,10,G_p2,deterministic specification-scale comparison; not probability
3,3,0,25,0,0,0,0,0,below specification scale,1.5,0,60,10,G_p2,deterministic specification-scale comparison; not probability
4,4,0,25,0,0,0,0,0,below specification scale,2,0,60,10,G_p2,deterministic specification-scale comparison; not probability
6,6,0,100,0,0,0,0,0,below specification scale,3,0,60,10,G_p2,deterministic specification-scale comparison; not probability
1,0.998,2,25,0.2,0.08,0.08,1,0,below specification scale,0.5,1,60,10,G_p2,deterministic specification-scale comparison; not probability
2,1.998,2,25,0.2,0.08,0.08,0,0,below specification scale,1,1,60,10,G_p2,deterministic specification-scale comparison; not probability
3,2.998,2,25,0.2,0.08,0.08,0,0,below specification scale,1.5,1,60,10,G_p2,deterministic specification-scale comparison; not probability
4,3.998,2,25,0.2,0.08,0.08,0,0,below specification scale,2,1,60,10,G_p2,deterministic specification-scale comparison; not probability
6,5.998,2,100,0.2,0.02,0.02,0,0,below specification scale,3,1,60,10,G_p2,deterministic specification-scale comparison; not probability
1,0.996,4,25,0.4,0.16,0.16,1,0,below specification scale,0.5,2,60,10,G_p2,deterministic specification-scale comparison; not probability
2,1.996,4,25,0.4,0.16,0.16,0,0,below specification scale,1,2,60,10,G_p2,deterministic specification-scale comparison; not probability
3,2.996,4,25,0.4,0.16,0.16,0,0,below specification scale,1.5,2,60,10,G_p2,deterministic specification-scale comparison; not probability
4,3.996,4,25,0.4,0.16,0.16,0,0,below specification scale,2,2,60,10,G_p2,deterministic specification-scale comparison; not probability
6,5.996,4,100,0.4,0.04,0.04,0,0,below specification scale,3,2,60,10,G_p2,deterministic specification-scale comparison; not probability
1,0.994,6,25,0.6,0.24,0.24,1,0,below specification scale,0.5,3,60,10,G_p2,deterministic specification-scale comparison; not probability
2,1.994,6,25,0.6,0.24,0.24,0,0,below specification scale,1,3,60,10,G_p2,deterministic specification-scale comparison; not probability
3,2.994,6,25,0.6,0.24,0.24,0,0,below specification scale,1.5,3,60,10,G_p2,deterministic specification-scale comparison; not probability
4,3.994,6,25,0.6,0.24,0.24,0,0,below specification scale,2,3,60,10,G_p2,deterministic specification-scale comparison; not probability
6,5.994,6,100,0.6,0.06,0.06,0,0,below specification scale,3,3,60,10,G_p2,deterministic specification-scale comparison; not probability
1,0.99,10,25,1,0.4,0.4,1,0,below specification scale,0.5,5,60,10,G_p2,deterministic specification-scale comparison; not probability
2,1.99,10,25,1,0.4,0.4,0,0,below specification scale,1,5,60,10,G_p2,deterministic specification-scale comparison; not probability
3,2.99,10,25,1,0.4,0.4,0,0,below specification scale,1.5,5,60,10,G_p2,deterministic specification-scale comparison; not probability
4,3.99,10,25,1,0.4,0.4,0,0,below specification scale,2,5,60,10,G_p2,deterministic specification-scale comparison; not probability
6,5.99,10,100,1,0.1,0.1,0,0,below specification scale,3,5,60,10,G_p2,deterministic specification-scale comparison; not probability
1,0.98,20,25,2,0.8,0.8,1,0,below specification scale,0.5,10,60,10,G_p2,deterministic specification-scale comparison; not probability
2,1.98,20,25,2,0.8,0.8,0,0,below specification scale,1,10,60,10,G_p2,deterministic specification-scale comparison; not probability
3,2.98,20,25,2,0.8,0.8,0,0,below specification scale,1.5,10,60,10,G_p2,deterministic specification-scale comparison; not probability
4,3.98,20,25,2,0.8,0.8,0,0,below specification scale,2,10,60,10,G_p2,deterministic specification-scale comparison; not probability
6,5.98,20,100,2,0.2,0.2,0,0,below specification scale,3,10,60,10,G_p2,deterministic specification-scale comparison; not probability
1,0.96,40,25,4,1.6,1.6,1,0,above specification scale,0.5,20,60,10,G_p2,deterministic specification-scale comparison; not probability
2,1.96,40,25,4,1.6,1.6,0,0,above specification scale,1,20,60,10,G_p2,deterministic specification-scale comparison; not probability
3,2.96,40,25,4,1.6,1.6,0,0,above specification scale,1.5,20,60,10,G_p2,deterministic specification-scale comparison; not probability
4,3.96,40,25,4,1.6,1.6,0,0,above specification scale,2,20,60,10,G_p2,deterministic specification-scale comparison; not probability
6,5.96,40,100,4,0.4,0.4,0,0,below specification scale,3,20,60,10,G_p2,deterministic specification-scale comparison; not probability
1,0.94,60,25,6,2.4,2.4,1,0,above specification scale,0.5,30,60,10,G_p2,deterministic specification-scale comparison; not probability
2,1.94,60,25,6,2.4,2.4,0,0,above specification scale,1,30,60,10,G_p2,deterministic specification-scale comparison; not probability
3,2.94,60,25,6,2.4,2.4,0,0,above specification scale,1.5,30,60,10,G_p2,deterministic specification-scale comparison; not probability
4,3.94,60,25,6,2.4,2.4,0,0,above specification scale,2,30,60,10,G_p2,deterministic specification-scale comparison; not probability
6,5.94,60,100,6,0.6,0.6,0,0,below specification scale,3,30,60,10,G_p2,deterministic specification-scale comparison; not probability
1.46190220008154,1.46190220008154,0,25,0,0,0,0,0,below specification scale,0.5,0,70,10,G_p2,deterministic specification-scale comparison; not probability
2.92380440016309,2.92380440016309,0,25,0,0,0,0,0,below specification scale,1,0,70,10,G_p2,deterministic specification-scale comparison; not probability
4.38570660024463,4.38570660024463,0,25,0,0,0,0,0,below specification scale,1.5,0,70,10,G_p2,deterministic specification-scale comparison; not probability
5.84760880032618,5.84760880032618,0,100,0,0,0,0,0,below specification scale,2,0,70,10,G_p2,deterministic specification-scale comparison; not probability
8.77141320048926,8.77141320048926,0,100,0,0,0,0,0,below specification scale,3,0,70,10,G_p2,deterministic specification-scale comparison; not probability
1.46190220008154,1.45897839568138,2.92380440016309,25,0.292380440016309,0.116952176006523,0.116952176006523,0,0,below specification scale,0.5,1,70,10,G_p2,deterministic specification-scale comparison; not probability
2.92380440016309,2.92088059576292,2.92380440016309,25,0.292380440016309,0.116952176006523,0.116952176006523,0,0,below specification scale,1,1,70,10,G_p2,deterministic specification-scale comparison; not probability
4.38570660024463,4.38278279584447,2.92380440016309,25,0.292380440016309,0.116952176006523,0.116952176006523,0,0,below specification scale,1.5,1,70,10,G_p2,deterministic specification-scale comparison; not probability
5.84760880032618,5.84468499592601,2.92380440016309,100,0.292380440016309,0.0292380440016309,0.0292380440016309,0,0,below specification scale,2,1,70,10,G_p2,deterministic specification-scale comparison; not probability
8.77141320048926,8.7684893960891,2.92380440016309,100,0.292380440016309,0.0292380440016309,0.0292380440016309,0,0,below specification scale,3,1,70,10,G_p2,deterministic specification-scale comparison; not probability
1.46190220008154,1.45605459128122,5.84760880032618,25,0.584760880032618,0.233904352013047,0.233904352013047,0,0,below specification scale,0.5,2,70,10,G_p2,deterministic specification-scale comparison; not probability
2.92380440016309,2.91795679136276,5.84760880032618,25,0.584760880032618,0.233904352013047,0.233904352013047,0,0,below specification scale,1,2,70,10,G_p2,deterministic specification-scale comparison; not probability
4.38570660024463,4.3798589914443,5.84760880032618,25,0.584760880032618,0.233904352013047,0.233904352013047,0,0,below specification scale,1.5,2,70,10,G_p2,deterministic specification-scale comparison; not probability
5.84760880032618,5.84176119152585,5.84760880032618,100,0.584760880032618,0.0584760880032617,0.0584760880032617,0,0,below specification scale,2,2,70,10,G_p2,deterministic specification-scale comparison; not probability
8.77141320048926,8.76556559168894,5.84760880032618,100,0.584760880032618,0.0584760880032617,0.0584760880032617,0,0,below specification scale,3,2,70,10,G_p2,deterministic specification-scale comparison; not probability
1.46190220008154,1.45313078688105,8.77141320048926,25,0.877141320048926,0.350856528019571,0.350856528019571,0,0,below specification scale,0.5,3,70,10,G_p2,deterministic specification-scale comparison; not probability
2.92380440016309,2.9150329869626,8.77141320048926,25,0.877141320048926,0.350856528019571,0.350856528019571,0,0,below specification scale,1,3,70,10,G_p2,deterministic specification-scale comparison; not probability
4.38570660024463,4.37693518704414,8.77141320048926,25,0.877141320048926,0.350856528019571,0.350856528019571,0,0,below specification scale,1.5,3,70,10,G_p2,deterministic specification-scale comparison; not probability
5.84760880032618,5.83883738712569,8.77141320048926,100,0.877141320048926,0.0877141320048926,0.0877141320048926,0,0,below specification scale,2,3,70,10,G_p2,deterministic specification-scale comparison; not probability
8.77141320048926,8.76264178728877,8.77141320048926,100,0.877141320048926,0.0877141320048926,0.0877141320048926,0,0,below specification scale,3,3,70,10,G_p2,deterministic specification-scale comparison; not probability
1.46190220008154,1.44728317808073,14.6190220008154,25,1.46190220008154,0.584760880032617,0.584760880032617,0,0,below specification scale,0.5,5,70,10,G_p2,deterministic specification-scale comparison; not probability
2.92380440016309,2.90918537816227,14.6190220008154,25,1.46190220008154,0.584760880032617,0.584760880032617,0,0,below specification scale,1,5,70,10,G_p2,deterministic specification-scale comparison; not probability
4.38570660024463,4.37108757824382,14.6190220008154,25,1.46190220008154,0.584760880032617,0.584760880032617,0,0,below specification scale,1.5,5,70,10,G_p2,deterministic specification-scale comparison; not probability
5.84760880032618,5.83298977832536,14.6190220008154,100,1.46190220008154,0.146190220008154,0.146190220008154,0,0,below specification scale,2,5,70,10,G_p2,deterministic specification-scale comparison; not probability
8.77141320048926,8.75679417848845,14.6190220008154,100,1.46190220008154,0.146190220008154,0.146190220008154,0,0,below specification scale,3,5,70,10,G_p2,deterministic specification-scale comparison; not probability
1.46190220008154,1.43266415607991,29.2380440016309,25,2.92380440016309,1.16952176006523,1.16952176006523,0,0,above specification scale,0.5,10,70,10,G_p2,deterministic specification-scale comparison; not probability
2.92380440016309,2.89456635616146,29.2380440016309,25,2.92380440016309,1.16952176006523,1.16952176006523,0,0,above specification scale,1,10,70,10,G_p2,deterministic specification-scale comparison; not probability
4.38570660024463,4.356468556243,29.2380440016309,25,2.92380440016309,1.16952176006523,1.16952176006523,0,0,above specification scale,1.5,10,70,10,G_p2,deterministic specification-scale comparison; not probability
5.84760880032618,5.81837075632454,29.2380440016309,100,2.92380440016309,0.292380440016309,0.292380440016309,0,0,below specification scale,2,10,70,10,G_p2,deterministic specification-scale comparison; not probability
8.77141320048926,8.74217515648763,29.2380440016309,100,2.92380440016309,0.292380440016309,0.292380440016309,0,0,below specification scale,3,10,70,10,G_p2,deterministic specification-scale comparison; not probability
1.46190220008154,1.40342611207828,58.4760880032618,25,5.84760880032617,2.33904352013047,2.33904352013047,0,0,above specification scale,0.5,20,70,10,G_p2,deterministic specification-scale comparison; not probability
2.92380440016309,2.86532831215983,58.4760880032618,25,5.84760880032617,2.33904352013047,2.33904352013047,0,0,above specification scale,1,20,70,10,G_p2,deterministic specification-scale comparison; not probability
4.38570660024463,4.32723051224137,58.4760880032618,25,5.84760880032617,2.33904352013047,2.33904352013047,0,0,above specification scale,1.5,20,70,10,G_p2,deterministic specification-scale comparison; not probability
5.84760880032618,5.78913271232291,58.4760880032618,100,5.84760880032617,0.584760880032617,0.584760880032617,0,0,below specification scale,2,20,70,10,G_p2,deterministic specification-scale comparison; not probability
8.77141320048926,8.712937112486,58.4760880032618,100,5.84760880032617,0.584760880032617,0.584760880032617,0,0,below specification scale,3,20,70,10,G_p2,deterministic specification-scale comparison; not probability
1.46190220008154,1.37418806807665,87.7141320048926,25,8.77141320048926,3.5085652801957,3.5085652801957,0,0,above specification scale,0.5,30,70,10,G_p2,deterministic specification-scale comparison; not probability
2.92380440016309,2.83609026815819,87.7141320048926,25,8.77141320048926,3.5085652801957,3.5085652801957,0,0,above specification scale,1,30,70,10,G_p2,deterministic specification-scale comparison; not probability
4.38570660024463,4.29799246823974,87.7141320048926,25,8.77141320048926,3.5085652801957,3.5085652801957,0,0,above specification scale,1.5,30,70,10,G_p2,deterministic specification-scale comparison; not probability
5.84760880032618,5.75989466832128,87.7141320048926,100,8.77141320048926,0.877141320048926,0.877141320048926,0,0,below specification scale,2,30,70,10,G_p2,deterministic specification-scale comparison; not probability
8.77141320048926,8.68369906848437,87.7141320048926,100,8.77141320048926,0.877141320048926,0.877141320048926,0,0,below specification scale,3,30,70,10,G_p2,deterministic specification-scale comparison; not probability
