thickness_mm,sigma0_mm,reference_mode,stress_family,noise_family,pfa_target,angle_endpoint_change
5,5,R0,L1,Gaussian,0.01,0.632536439974193
5,5,R0,L1,Gaussian,0.05,0.640031781452702
5,5,R0,L1,Gaussian,0.1,0.560587499713265
5,5,R0,L1,Laplace,0.01,0.55875439210224
5,5,R0,L1,Laplace,0.05,0.714314860238873
5,5,R0,L1,Laplace,0.1,0.548663651710726
5,5,R0,L1,Uniform,0.01,0.55535449415116
5,5,R0,L1,Uniform,0.05,0.55535449415116
5,5,R0,L1,Uniform,0.1,0.55535449415116
5,5,R0,L2-C,Gaussian,0.01,-0.0674534231338721
5,5,R0,L2-C,Gaussian,0.05,-0.159244106636822
5,5,R0,L2-C,Gaussian,0.1,-0.209501641654762
5,5,R0,L2-C,Laplace,0.01,-0.0243804546622669
5,5,R0,L2-C,Laplace,0.05,-0.121902273311335
5,5,R0,L2-C,Laplace,0.1,-0.24380454662267
5,5,R0,L2-C,Uniform,0.01,-0.18336024295889
5,5,R0,L2-C,Uniform,0.05,-0.18336024295889
5,5,R0,L2-C,Uniform,0.1,-0.18336024295889
5,5,R1,L1,Gaussian,0.01,0.345156201565953
5,5,R1,L1,Gaussian,0.05,0.489514902983732
5,5,R1,L1,Gaussian,0.1,0.501200709153071
5,5,R1,L1,Laplace,0.01,0.232541642727054
5,5,R1,L1,Laplace,0.05,0.547551517810843
5,5,R1,L1,Laplace,0.1,0.556562329455649
5,5,R1,L1,Uniform,0.01,0.393065326189204
5,5,R1,L1,Uniform,0.05,0.464462418890533
5,5,R1,L1,Uniform,0.1,0.478065804871101
5,5,R1,L2-C,Gaussian,0.01,-0.0333955535997631
5,5,R1,L2-C,Gaussian,0.05,-0.0914489795867242
5,5,R1,L2-C,Gaussian,0.1,-0.129817481725704
5,5,R1,L2-C,Laplace,0.01,-0.0174938574970617
5,5,R1,L2-C,Laplace,0.05,-0.0749287019768021
5,5,R1,L2-C,Laplace,0.1,-0.131173071775203
5,5,R1,L2-C,Uniform,0.01,-0.0620521077057711
5,5,R1,L2-C,Uniform,0.05,-0.0941046534737167
5,5,R1,L2-C,Uniform,0.1,-0.118122246991913
5,10,R0,L1,Gaussian,0.01,0.159772616656377
5,10,R0,L1,Gaussian,0.05,0.301283167303848
5,10,R0,L1,Gaussian,0.1,0.354322266222311
5,10,R0,L1,Laplace,0.01,0.0587646169762491
5,10,R0,L1,Laplace,0.05,0.293823084881246
5,10,R0,L1,Laplace,0.1,0.480916030653392
5,10,R0,L1,Uniform,0.01,0.27767724707558
5,10,R0,L1,Uniform,0.05,0.27767724707558
5,10,R0,L1,Uniform,0.1,0.27767724707558
5,10,R0,L2-C,Gaussian,0.01,-0.0178799768485459
5,10,R0,L2-C,Gaussian,0.05,-0.0543249556069499
5,10,R0,L2-C,Gaussian,0.1,-0.0813857573251678
5,10,R0,L2-C,Laplace,0.01,-0.00733817908887054
5,10,R0,L2-C,Laplace,0.05,-0.0366908954443527
5,10,R0,L2-C,Laplace,0.1,-0.0733817908887054
5,10,R0,L2-C,Uniform,0.01,-0.0916801214794448
5,10,R0,L2-C,Uniform,0.05,-0.0916801214794448
5,10,R0,L2-C,Uniform,0.1,-0.0916801214794448
5,10,R1,L1,Gaussian,0.01,0.0738105720879471
5,10,R1,L1,Gaussian,0.05,0.172256082861052
5,10,R1,L1,Gaussian,0.1,0.22542847833646
5,10,R1,L1,Laplace,0.01,0.0380352896434912
5,10,R1,L1,Laplace,0.05,0.152428066002838
5,10,R1,L1,Laplace,0.1,0.248614474706921
5,10,R1,L1,Uniform,0.01,0.117901077986136
5,10,R1,L1,Uniform,0.05,0.166440840624882
5,10,R1,L1,Uniform,0.1,0.202812625161666
5,10,R1,L2-C,Gaussian,0.01,-0.0102622608926856
5,10,R1,L2-C,Gaussian,0.05,-0.03352364946981
5,10,R1,L2-C,Gaussian,0.1,-0.0521603229418122
5,10,R1,L2-C,Laplace,0.01,-0.00580837586760004
5,10,R1,L2-C,Laplace,0.05,-0.0262560872192943
5,10,R1,L2-C,Laplace,0.1,-0.0483615974746529
5,10,R1,L2-C,Uniform,0.01,-0.021995790486255
5,10,R1,L2-C,Uniform,0.05,-0.0380220633702277
5,10,R1,L2-C,Uniform,0.1,-0.0500308601293259
5,20,R0,L1,Gaussian,0.01,0.0363808742181383
5,20,R0,L1,Gaussian,0.05,0.0988540411120707
5,20,R0,L1,Gaussian,0.1,0.139812674860655
5,20,R0,L1,Laplace,0.01,0.013873888818546
5,20,R0,L1,Laplace,0.05,0.0693694440927301
5,20,R0,L1,Laplace,0.1,0.13873888818546
5,20,R0,L1,Uniform,0.01,0.13883862353779
5,20,R0,L1,Uniform,0.05,0.13883862353779
5,20,R0,L1,Uniform,0.1,0.13883862353779
5,20,R0,L2-C,Gaussian,0.01,-0.00622689685717268
5,20,R0,L2-C,Gaussian,0.05,-0.0213958207193946
5,20,R0,L2-C,Gaussian,0.1,-0.0341859441650012
5,20,R0,L2-C,Laplace,0.01,-0.00286447242226921
5,20,R0,L2-C,Laplace,0.05,-0.0143223621113461
5,20,R0,L2-C,Laplace,0.1,-0.0286447242226921
5,20,R0,L2-C,Uniform,0.01,-0.0458400607397224
5,20,R0,L2-C,Uniform,0.05,-0.0458400607397224
5,20,R0,L2-C,Uniform,0.1,-0.0458400607397224
5,20,R1,L1,Gaussian,0.01,0.0193930832679118
5,20,R1,L1,Gaussian,0.05,0.0586197431291108
5,20,R1,L1,Gaussian,0.1,0.0875991817092925
5,20,R1,L1,Laplace,0.01,0.0105328534479157
5,20,R1,L1,Laplace,0.05,0.0465801971615395
5,20,R1,L1,Laplace,0.1,0.0840956830894893
5,20,R1,L1,Uniform,0.01,0.0392926427159519
5,20,R1,L1,Uniform,0.05,0.0635625240353245
5,20,R1,L1,Uniform,0.1,0.0817484163037165
5,20,R1,L2-C,Gaussian,0.01,-0.00394142236321106
5,20,R1,L2-C,Gaussian,0.05,-0.0140296336540479
5,20,R1,L2-C,Gaussian,0.1,-0.0228378113094461
5,20,R1,L2-C,Laplace,0.01,-0.00236840774040483
5,20,R1,L2-C,Laplace,0.05,-0.0109386982841902
5,20,R1,L2-C,Laplace,0.1,-0.0205315014803452
5,20,R1,L2-C,Uniform,0.01,-0.00874032940146984
5,20,R1,L2-C,Uniform,0.05,-0.0167534658434562
5,20,R1,L2-C,Uniform,0.1,-0.0227578642230053
10,5,R0,L1,Gaussian,0.01,0.627704664682143
10,5,R0,L1,Gaussian,0.05,0.361226784400815
10,5,R0,L1,Gaussian,0.1,0.236237930978482
10,5,R0,L1,Laplace,0.01,0.824408093371201
10,5,R0,L1,Laplace,0.05,0.294248008841136
10,5,R0,L1,Laplace,0.1,0.147124004420568
10,5,R0,L1,Uniform,0.01,0.412649730810374
10,5,R0,L1,Uniform,0.05,0.372649730810374
10,5,R0,L1,Uniform,0.1,0.322649730810374
10,5,R0,L2-C,Gaussian,0.01,-0.316914834167313
10,5,R0,L2-C,Gaussian,0.05,-0.458719505142399
10,5,R0,L2-C,Gaussian,0.1,-0.473254093777641
10,5,R0,L2-C,Laplace,0.01,-0.141125171795058
10,5,R0,L2-C,Laplace,0.05,-0.564155692237614
10,5,R0,L2-C,Laplace,0.1,-0.571604483689898
10,5,R0,L2-C,Uniform,0.01,-0.366720485917792
10,5,R0,L2-C,Uniform,0.05,-0.366720485917792
10,5,R0,L2-C,Uniform,0.1,-0.366720485917792
10,5,R1,L1,Gaussian,0.01,0.783889428493106
10,5,R1,L1,Gaussian,0.05,0.584816168319443
10,5,R1,L1,Gaussian,0.1,0.44506718165804
10,5,R1,L1,Laplace,0.01,0.838886198457536
10,5,R1,L1,Laplace,0.05,0.5961100972331
10,5,R1,L1,Laplace,0.1,0.389374680589808
10,5,R1,L1,Uniform,0.01,0.727145244693483
10,5,R1,L1,Uniform,0.05,0.600759147498277
10,5,R1,L1,Uniform,0.1,0.47573782703466
10,5,R1,L2-C,Gaussian,0.01,-0.145733078625336
10,5,R1,L2-C,Gaussian,0.05,-0.27933103453396
10,5,R1,L2-C,Gaussian,0.1,-0.330817261060544
10,5,R1,L2-C,Laplace,0.01,-0.0786125924281298
10,5,R1,L2-C,Laplace,0.05,-0.279226719348755
10,5,R1,L2-C,Laplace,0.1,-0.390305535350995
10,5,R1,L2-C,Uniform,0.01,-0.196346322344596
10,5,R1,L2-C,Uniform,0.05,-0.26045141388049
10,5,R1,L2-C,Uniform,0.1,-0.307883217468396
10,10,R0,L1,Gaussian,0.01,0.632536439974189
10,10,R0,L1,Gaussian,0.05,0.640031781452695
10,10,R0,L1,Gaussian,0.1,0.560587499713256
10,10,R0,L1,Laplace,0.01,0.558754392102238
10,10,R0,L1,Laplace,0.05,0.714314860238867
10,10,R0,L1,Laplace,0.1,0.548663651710713
10,10,R0,L1,Uniform,0.01,0.555354494151153
10,10,R0,L1,Uniform,0.05,0.555354494151153
10,10,R0,L1,Uniform,0.1,0.555354494151153
10,10,R0,L2-C,Gaussian,0.01,-0.0674534231338758
10,10,R0,L2-C,Gaussian,0.05,-0.159244106636829
10,10,R0,L2-C,Gaussian,0.1,-0.20950164165477
10,10,R0,L2-C,Laplace,0.01,-0.0243804546622682
10,10,R0,L2-C,Laplace,0.05,-0.121902273311341
10,10,R0,L2-C,Laplace,0.1,-0.243804546622682
10,10,R0,L2-C,Uniform,0.01,-0.183360242958896
10,10,R0,L2-C,Uniform,0.05,-0.183360242958896
10,10,R0,L2-C,Uniform,0.1,-0.183360242958896
10,10,R1,L1,Gaussian,0.01,0.345156201565951
10,10,R1,L1,Gaussian,0.05,0.489514902983728
10,10,R1,L1,Gaussian,0.1,0.501200709153065
10,10,R1,L1,Laplace,0.01,0.232541642727053
10,10,R1,L1,Laplace,0.05,0.54755151781084
10,10,R1,L1,Laplace,0.1,0.556562329455643
10,10,R1,L1,Uniform,0.01,0.393065326189201
10,10,R1,L1,Uniform,0.05,0.464462418890529
10,10,R1,L1,Uniform,0.1,0.478065804871096
10,10,R1,L2-C,Gaussian,0.01,-0.0333955535997647
10,10,R1,L2-C,Gaussian,0.05,-0.0914489795867283
10,10,R1,L2-C,Gaussian,0.1,-0.129817481725709
10,10,R1,L2-C,Laplace,0.01,-0.0174938574970626
10,10,R1,L2-C,Laplace,0.05,-0.0749287019768056
10,10,R1,L2-C,Laplace,0.1,-0.131173071775209
10,10,R1,L2-C,Uniform,0.01,-0.0620521077057739
10,10,R1,L2-C,Uniform,0.05,-0.0941046534737205
10,10,R1,L2-C,Uniform,0.1,-0.118122246991918
10,20,R0,L1,Gaussian,0.01,0.159772616656376
10,20,R0,L1,Gaussian,0.05,0.301283167303846
10,20,R0,L1,Gaussian,0.1,0.354322266222308
10,20,R0,L1,Laplace,0.01,0.0587646169762488
10,20,R0,L1,Laplace,0.05,0.293823084881244
10,20,R0,L1,Laplace,0.1,0.480916030653389
10,20,R0,L1,Uniform,0.01,0.277677247075577
10,20,R0,L1,Uniform,0.05,0.277677247075577
10,20,R0,L1,Uniform,0.1,0.277677247075577
10,20,R0,L2-C,Gaussian,0.01,-0.0178799768485467
10,20,R0,L2-C,Gaussian,0.05,-0.0543249556069522
10,20,R0,L2-C,Gaussian,0.1,-0.081385757325171
10,20,R0,L2-C,Laplace,0.01,-0.00733817908887086
10,20,R0,L2-C,Laplace,0.05,-0.0366908954443543
10,20,R0,L2-C,Laplace,0.1,-0.0733817908887086
10,20,R0,L2-C,Uniform,0.01,-0.091680121479448
10,20,R0,L2-C,Uniform,0.05,-0.091680121479448
10,20,R0,L2-C,Uniform,0.1,-0.091680121479448
10,20,R1,L1,Gaussian,0.01,0.0738105720879467
10,20,R1,L1,Gaussian,0.05,0.172256082861051
10,20,R1,L1,Gaussian,0.1,0.225428478336458
10,20,R1,L1,Laplace,0.01,0.038035289643491
10,20,R1,L1,Laplace,0.05,0.152428066002837
10,20,R1,L1,Laplace,0.1,0.248614474706919
10,20,R1,L1,Uniform,0.01,0.117901077986136
10,20,R1,L1,Uniform,0.05,0.16644084062488
10,20,R1,L1,Uniform,0.1,0.202812625161664
10,20,R1,L2-C,Gaussian,0.01,-0.0102622608926861
10,20,R1,L2-C,Gaussian,0.05,-0.0335236494698113
10,20,R1,L2-C,Gaussian,0.1,-0.0521603229418142
10,20,R1,L2-C,Laplace,0.01,-0.00580837586760029
10,20,R1,L2-C,Laplace,0.05,-0.0262560872192953
10,20,R1,L2-C,Laplace,0.1,-0.0483615974746548
10,20,R1,L2-C,Uniform,0.01,-0.0219957904862559
10,20,R1,L2-C,Uniform,0.05,-0.0380220633702292
10,20,R1,L2-C,Uniform,0.1,-0.0500308601293278
20,5,R0,L1,Gaussian,0.01,0.0470994938439516
20,5,R0,L1,Gaussian,0.05,0.00925770537349535
20,5,R0,L1,Gaussian,0.1,0.00327944391554558
20,5,R0,L1,Laplace,0.01,0.0873355916622707
20,5,R0,L1,Laplace,0.05,0.0174671183324542
20,5,R0,L1,Laplace,0.1,0.00873355916622709
20,5,R0,L1,Uniform,0.01,0
20,5,R0,L1,Uniform,0.05,0
20,5,R0,L1,Uniform,0.1,0
20,5,R0,L2-C,Gaussian,0.01,-0.759946466805097
20,5,R0,L2-C,Gaussian,0.05,-0.564350394990258
20,5,R0,L2-C,Gaussian,0.1,-0.426186348235245
20,5,R0,L2-C,Laplace,0.01,-0.833908925786722
20,5,R0,L2-C,Laplace,0.05,-0.588763342131149
20,5,R0,L2-C,Laplace,0.1,-0.308711105794373
20,5,R0,L2-C,Uniform,0.01,-0.568740433456325
20,5,R0,L2-C,Uniform,0.05,-0.528740433456325
20,5,R0,L2-C,Uniform,0.1,-0.478740433456325
20,5,R1,L1,Gaussian,0.01,0.307805886166076
20,5,R1,L1,Gaussian,0.05,0.11829096820428
20,5,R1,L1,Gaussian,0.1,0.0609466278200149
20,5,R1,L1,Laplace,0.01,0.387041040678281
20,5,R1,L1,Laplace,0.05,0.100942655016371
20,5,R1,L1,Laplace,0.1,0.0504950776419895
20,5,R1,L1,Uniform,0.01,0.247722193619089
20,5,R1,L1,Uniform,0.05,0.139958429544598
20,5,R1,L1,Uniform,0.1,0.0792361784025696
20,5,R1,L2-C,Gaussian,0.01,-0.594443738486263
20,5,R1,L2-C,Gaussian,0.05,-0.611765122424086
20,5,R1,L2-C,Gaussian,0.1,-0.537636182724144
20,5,R1,L2-C,Laplace,0.01,-0.556764706989357
20,5,R1,L2-C,Laplace,0.05,-0.659429298066716
20,5,R1,L2-C,Laplace,0.1,-0.531573343622428
20,5,R1,L2-C,Uniform,0.01,-0.593972895950081
20,5,R1,L2-C,Uniform,0.05,-0.588097787611791
20,5,R1,L2-C,Uniform,0.1,-0.543641005002397
20,10,R0,L1,Gaussian,0.01,0.627704664682143
20,10,R0,L1,Gaussian,0.05,0.361226784400815
20,10,R0,L1,Gaussian,0.1,0.236237930978482
20,10,R0,L1,Laplace,0.01,0.824408093371202
20,10,R0,L1,Laplace,0.05,0.294248008841136
20,10,R0,L1,Laplace,0.1,0.147124004420568
20,10,R0,L1,Uniform,0.01,0.412649730810374
20,10,R0,L1,Uniform,0.05,0.372649730810374
20,10,R0,L1,Uniform,0.1,0.322649730810374
20,10,R0,L2-C,Gaussian,0.01,-0.316914834167312
20,10,R0,L2-C,Gaussian,0.05,-0.458719505142396
20,10,R0,L2-C,Gaussian,0.1,-0.473254093777637
20,10,R0,L2-C,Laplace,0.01,-0.141125171795058
20,10,R0,L2-C,Laplace,0.05,-0.564155692237612
20,10,R0,L2-C,Laplace,0.1,-0.571604483689893
20,10,R0,L2-C,Uniform,0.01,-0.366720485917789
20,10,R0,L2-C,Uniform,0.05,-0.366720485917789
20,10,R0,L2-C,Uniform,0.1,-0.366720485917789
20,10,R1,L1,Gaussian,0.01,0.783889428493111
20,10,R1,L1,Gaussian,0.05,0.584816168319444
20,10,R1,L1,Gaussian,0.1,0.445067181658041
20,10,R1,L1,Laplace,0.01,0.838886198457542
20,10,R1,L1,Laplace,0.05,0.596110097233101
20,10,R1,L1,Laplace,0.1,0.389374680589809
20,10,R1,L1,Uniform,0.01,0.727145244693487
20,10,R1,L1,Uniform,0.05,0.600759147498277
20,10,R1,L1,Uniform,0.1,0.47573782703466
20,10,R1,L2-C,Gaussian,0.01,-0.145733078625335
20,10,R1,L2-C,Gaussian,0.05,-0.279331034533958
20,10,R1,L2-C,Gaussian,0.1,-0.330817261060542
20,10,R1,L2-C,Laplace,0.01,-0.0786125924281295
20,10,R1,L2-C,Laplace,0.05,-0.279226719348754
20,10,R1,L2-C,Laplace,0.1,-0.390305535350992
20,10,R1,L2-C,Uniform,0.01,-0.196346322344595
20,10,R1,L2-C,Uniform,0.05,-0.260451413880488
20,10,R1,L2-C,Uniform,0.1,-0.307883217468394
20,20,R0,L1,Gaussian,0.01,0.632536439974204
20,20,R0,L1,Gaussian,0.05,0.640031781452703
20,20,R0,L1,Gaussian,0.1,0.560587499713261
20,20,R0,L1,Laplace,0.01,0.558754392102264
20,20,R0,L1,Laplace,0.05,0.714314860238872
20,20,R0,L1,Laplace,0.1,0.548663651710716
20,20,R0,L1,Uniform,0.01,0.555354494151166
20,20,R0,L1,Uniform,0.05,0.555354494151166
20,20,R0,L1,Uniform,0.1,0.555354494151166
20,20,R0,L2-C,Gaussian,0.01,-0.0674534231338754
20,20,R0,L2-C,Gaussian,0.05,-0.159244106636828
20,20,R0,L2-C,Gaussian,0.1,-0.209501641654769
20,20,R0,L2-C,Laplace,0.01,-0.0243804546622681
20,20,R0,L2-C,Laplace,0.05,-0.121902273311341
20,20,R0,L2-C,Laplace,0.1,-0.243804546622681
20,20,R0,L2-C,Uniform,0.01,-0.183360242958894
20,20,R0,L2-C,Uniform,0.05,-0.183360242958894
20,20,R0,L2-C,Uniform,0.1,-0.183360242958894
20,20,R1,L1,Gaussian,0.01,0.345156201565963
20,20,R1,L1,Gaussian,0.05,0.489514902983739
20,20,R1,L1,Gaussian,0.1,0.501200709153075
20,20,R1,L1,Laplace,0.01,0.232541642727064
20,20,R1,L1,Laplace,0.05,0.547551517810852
20,20,R1,L1,Laplace,0.1,0.556562329455651
20,20,R1,L1,Uniform,0.01,0.393065326189214
20,20,R1,L1,Uniform,0.05,0.46446241889054
20,20,R1,L1,Uniform,0.1,0.478065804871105
20,20,R1,L2-C,Gaussian,0.01,-0.0333955535997646
20,20,R1,L2-C,Gaussian,0.05,-0.0914489795867277
20,20,R1,L2-C,Gaussian,0.1,-0.129817481725708
20,20,R1,L2-C,Laplace,0.01,-0.0174938574970625
20,20,R1,L2-C,Laplace,0.05,-0.0749287019768052
20,20,R1,L2-C,Laplace,0.1,-0.131173071775208
20,20,R1,L2-C,Uniform,0.01,-0.0620521077057735
20,20,R1,L2-C,Uniform,0.05,-0.0941046534737199
20,20,R1,L2-C,Uniform,0.1,-0.118122246991917
30,5,R0,L1,Gaussian,0.01,0.000119554106410624
30,5,R0,L1,Gaussian,0.05,6.64890150969821e-06
30,5,R0,L1,Gaussian,0.1,1.18825093797792e-06
30,5,R0,L1,Laplace,0.01,0.00516213187491654
30,5,R0,L1,Laplace,0.05,0.00103242637498335
30,5,R0,L1,Laplace,0.1,0.000516213187491621
30,5,R0,L1,Uniform,0.01,0
30,5,R0,L1,Uniform,0.05,0
30,5,R0,L1,Uniform,0.1,0
30,5,R0,L2-C,Gaussian,0.01,-0.55453062196077
30,5,R0,L2-C,Gaussian,0.05,-0.293188182814278
30,5,R0,L2-C,Gaussian,0.1,-0.182102452731621
30,5,R0,L2-C,Laplace,0.01,-0.773830054471978
30,5,R0,L2-C,Laplace,0.05,-0.225203919073693
30,5,R0,L2-C,Laplace,0.1,-0.112601959536846
30,5,R0,L2-C,Uniform,0.01,-0.358110650184484
30,5,R0,L2-C,Uniform,0.05,-0.318110650184484
30,5,R0,L2-C,Uniform,0.1,-0.268110650184484
30,5,R1,L1,Gaussian,0.01,0.0276639175801845
30,5,R1,L1,Gaussian,0.05,0.00469133293117252
30,5,R1,L1,Gaussian,0.1,0.0015327660944543
30,5,R1,L1,Laplace,0.01,0.0491300889001756
30,5,R1,L1,Laplace,0.05,0.00981528981265578
30,5,R1,L1,Laplace,0.1,0.00458980451117841
30,5,R1,L1,Uniform,0.01,0.00800464666594403
30,5,R1,L1,Uniform,0.05,0
30,5,R1,L1,Uniform,0.1,0
30,5,R1,L2-C,Gaussian,0.01,-0.75421112534866
30,5,R1,L2-C,Gaussian,0.05,-0.533964190058371
30,5,R1,L2-C,Gaussian,0.1,-0.393488680135924
30,5,R1,L2-C,Laplace,0.01,-0.824991637191522
30,5,R1,L2-C,Laplace,0.05,-0.534025612373685
30,5,R1,L2-C,Laplace,0.1,-0.33095637399884
30,5,R1,L2-C,Uniform,0.01,-0.692990629286096
30,5,R1,L2-C,Uniform,0.05,-0.550536967332869
30,5,R1,L2-C,Uniform,0.1,-0.424025692663317
30,10,R0,L1,Gaussian,0.01,0.250266252475427
30,10,R0,L1,Gaussian,0.05,0.0876854632491887
30,10,R0,L1,Gaussian,0.1,0.0428574261728548
30,10,R0,L1,Laplace,0.01,0.359137415372455
30,10,R0,L1,Laplace,0.05,0.071827483074491
30,10,R0,L1,Laplace,0.1,0.0359137415372456
30,10,R0,L1,Uniform,0.01,0.123974596215561
30,10,R0,L1,Uniform,0.05,0.0839745962155606
30,10,R0,L1,Uniform,0.1,0.0339745962155606
30,10,R0,L2-C,Gaussian,0.01,-0.640737428752507
30,10,R0,L2-C,Gaussian,0.05,-0.621288298556487
30,10,R0,L2-C,Gaussian,0.1,-0.531346405386239
30,10,R0,L2-C,Laplace,0.01,-0.593748629645275
30,10,R0,L2-C,Laplace,0.05,-0.693094679079057
30,10,R0,L2-C,Laplace,0.1,-0.493961328836407
30,10,R0,L2-C,Uniform,0.01,-0.550080728876681
30,10,R0,L2-C,Uniform,0.05,-0.550080728876681
30,10,R0,L2-C,Uniform,0.1,-0.550080728876681
30,10,R1,L1,Gaussian,0.01,0.581171593490094
30,10,R1,L1,Gaussian,0.05,0.31686836827208
30,10,R1,L1,Gaussian,0.1,0.200518590195022
30,10,R1,L1,Laplace,0.01,0.712926136461481
30,10,R1,L1,Laplace,0.05,0.281013735073839
30,10,R1,L1,Laplace,0.1,0.151725571891037
30,10,R1,L1,Uniform,0.01,0.492580967095662
30,10,R1,L1,Uniform,0.05,0.334354939150029
30,10,R1,L1,Uniform,0.1,0.235820336051948
30,10,R1,L2-C,Gaussian,0.01,-0.358497372452056
30,10,R1,L2-C,Gaussian,0.05,-0.491238421419457
30,10,R1,L2-C,Gaussian,0.1,-0.493630981830904
30,10,R1,L2-C,Laplace,0.01,-0.248482473089173
30,10,R1,L2-C,Laplace,0.05,-0.552641120315431
30,10,R1,L2-C,Laplace,0.1,-0.543501126605757
30,10,R1,L2-C,Uniform,0.01,-0.402827189681643
30,10,R1,L2-C,Uniform,0.05,-0.46582406331769
30,10,R1,L2-C,Uniform,0.1,-0.472974391102204
30,20,R0,L1,Gaussian,0.01,0.775966664962979
30,20,R0,L1,Gaussian,0.05,0.554522783654049
30,20,R0,L1,Gaussian,0.1,0.412585749143571
30,20,R0,L1,Laplace,0.01,0.8659606487596
30,20,R0,L1,Laplace,0.05,0.572769183361033
30,20,R0,L1,Laplace,0.1,0.294621334851841
30,20,R0,L1,Uniform,0.01,0.55698729810778
30,20,R0,L1,Uniform,0.05,0.51698729810778
30,20,R0,L1,Uniform,0.1,0.46698729810778
30,20,R0,L2-C,Gaussian,0.01,-0.166692989608195
30,20,R0,L2-C,Gaussian,0.05,-0.306228297593048
30,20,R0,L2-C,Gaussian,0.1,-0.355083066413187
30,20,R0,L2-C,Laplace,0.01,-0.0617393190188159
30,20,R0,L2-C,Laplace,0.05,-0.30869659509408
30,20,R0,L2-C,Laplace,0.1,-0.483495593281073
30,20,R0,L2-C,Uniform,0.01,-0.275040364438341
30,20,R0,L2-C,Uniform,0.05,-0.275040364438341
30,20,R0,L2-C,Uniform,0.1,-0.275040364438341
30,20,R1,L1,Gaussian,0.01,0.677963052322814
30,20,R1,L1,Gaussian,0.05,0.647801343081536
30,20,R1,L1,Gaussian,0.1,0.5530023917424
30,20,R1,L1,Laplace,0.01,0.667202536843845
30,20,R1,L1,Laplace,0.05,0.684947314562992
30,20,R1,L1,Laplace,0.1,0.535922376215161
30,20,R1,L1,Uniform,0.01,0.659464366964177
30,20,R1,L1,Uniform,0.05,0.632071106993571
30,20,R1,L1,Uniform,0.1,0.571490356481298
30,20,R1,L2-C,Gaussian,0.01,-0.0765859032626428
30,20,R1,L2-C,Gaussian,0.05,-0.175331483227429
30,20,R1,L2-C,Gaussian,0.1,-0.227088008803472
30,20,R1,L2-C,Laplace,0.01,-0.0394662725163066
30,20,R1,L2-C,Laplace,0.05,-0.156771847119976
30,20,R1,L2-C,Laplace,0.1,-0.253113704000287
30,20,R1,L2-C,Uniform,0.01,-0.120168951658553
30,20,R1,L2-C,Uniform,0.05,-0.168247770310472
30,20,R1,L2-C,Uniform,0.1,-0.204274160587768
