pfa_target,threshold,false_alarm_count,detection_count,N_total,N_valid_dry,N_valid_ice,mean_dry,std_dry,mean_ice,std_ice,separation,d_prime,coverage_dry_theory,coverage_ice_theory,P_FA_all_theory,P_D_all_theory,physical_invalid_dry,physical_invalid_ice,validity_index,N_valid,coverage_dry,coverage_ice,coverage,valid_rate,unknown_rate,P_FA,P_D,P_FA_all,P_D_all,P_FA_theory,P_D_theory,P_FA_CI_low,P_FA_CI_high,P_D_CI_low,P_D_CI_high,P_FA_all_CI_low,P_FA_all_CI_high,P_D_all_CI_low,P_D_all_CI_high,coverage_dry_CI_low,coverage_dry_CI_high,coverage_ice_CI_low,coverage_ice_CI_high,conditional_precision_met,validity_mode,validity_severity,pilot_or_final_pfa_target,range_warning,stage,H_m,t_mm,theta_deg,sigma0_mm,p,q,reference_mode,surface_enabled,kappa,rho_rel,Q_scale,return_link,noise_family,threshold_policy,seed,stream_id,thickness_mm,angle_deg,sigma_eff_mm,sigma_amplification,D_A_m,D_I_m,delta_mm,Q_norm_dry,Q_norm_ice,specular_penalty,P_return_dry,P_return_ice,P_generic_valid,master_seed,P_overall_detect,no_layer_control,surface_id,experiment
0.05,0.0232617430735335,194,201,5000,4241,4233,-0.000181013042784642,0.0139174006825487,-6.946765589853e-05,0.0140307657669914,0.000111545386886112,0.00798223879596108,0.850498338870432,0.850498338870432,0.0425249169435216,0.0425249169435216,0,0,1,8474,0.8482,0.8466,0.8474,0.8474,0.1526,0.0457439283187927,0.0474840538625089,0.0388,0.0402,0.05,0.05,0.0398564243607233,0.0524536095055488,0.0414774220970814,0.054311259817313,0.0337915584107043,0.0445165698634164,0.0350990382522204,0.0460069404564541,0.837986919657814,0.857878452707648,0.836345368291317,0.85632246072037,1,V0,all,0.05,0,A3,1.5,0,0,10,1,1,R1,1,0.5,1,0.2,rational,Gaussian,matched,42,400772,0,0,10,1,1.5,1.5,0,1.13777777777778,1.13777777777778,1,0.850498338870432,0.850498338870432,1,42,0.0402,1,S2,E5_main
0.05,0.0236205929557148,203,204,5000,4246,4193,-0.000366679531786337,0.0144819446979644,0.000285831340793324,0.0141769292113048,0.00065251087257966,0.0455338141984353,0.844564264360513,0.844564264360513,0.0422282132180257,0.0422282132180257,0,0,1,8439,0.8492,0.8386,0.8439,0.8439,0.1561,0.0478097032501178,0.048652516098259,0.0406,0.0408,0.05,0.05,0.0417906542038858,0.0546462276873325,0.0425436247339081,0.0555876634888357,0.0354729345989626,0.0464324299481559,0.0356599365855389,0.0466451208808016,0.839013083495985,0.858850753465587,0.828143190927062,0.848536921315746,1,V0,all,0.05,0,A3,1.5,0,10,10,1,1,R1,1,0.5,1,0.2,rational,Gaussian,matched,42,400778,0,10,10.1542661188575,1.01542661188575,1.52313991782862,1.52313991782862,0,1.08670539742466,1.08670539742466,1,0.844564264360513,0.844564264360513,1,42,0.0408,1,S2,E5_main
0.05,0.0247546299278998,189,188,5000,4084,4153,-7.98006426566158e-05,0.0150879724090618,-0.000252196839603807,0.015063273201985,0.000172396196947191,0.0114354240171584,0.825189075722589,0.825189075722589,0.0412594537861295,0.0412594537861295,0,0,1,8237,0.8168,0.8306,0.8237,0.8237,0.1763,0.0462781586679726,0.0452684806164219,0.0378,0.0376,0.05,0.05,0.0402502259665204,0.0531588415492369,0.0393549317999086,0.0520224908378208,0.0328587846422788,0.043450879035732,0.0326723476431979,0.043237623115591,0.805835954858469,0.827277629189143,0.819949906393733,0.840742489080195,1,V0,all,0.05,0,A3,1.5,0,20,10,1,1,R1,1,0.5,1,0.2,rational,Gaussian,matched,42,400784,0,20,10.6417777247591,1.06417777247591,1.59626665871387,1.59626665871387,0,0.944093258626198,0.944093258626198,1,0.825189075722589,0.825189075722589,1,42,0.0376,1,S2,E5_main
0.05,0.0290771788419169,204,177,5000,3962,3904,0.000255501446184631,0.0174597829302191,-0.000271806817262782,0.0172413329608499,0.000527308263447413,0.0303908276015002,0.787009347512097,0.787009347512097,0.0393504673756048,0.0393504673756048,0,0,1,7866,0.7924,0.7808,0.7866,0.7866,0.2134,0.0514891468955073,0.0453381147540984,0.0408,0.0354,0.05,0.05,0.0450319274014781,0.0588152543623542,0.0392469280435355,0.0523231785207885,0.0356599365855389,0.0466451208808016,0.0306242468221181,0.040889101825229,0.780935458154718,0.803415589747812,0.769119713741293,0.792049144846363,1,V0,all,0.05,0,A3,1.5,0,30,10,1,1,R1,1,0.5,1,0.2,rational,Gaussian,matched,42,400790,0,30,12.5,1.25,1.73205080756888,1.73205080756888,0,0.739008344562721,0.739008344562721,1,0.787009347512097,0.787009347512097,1,42,0.0354,1,S2,E5_main
0.05,0.0371625578199918,178,183,5000,3566,3560,0.000280115556998797,0.0227239527165651,0.000314024395167266,0.0223414813526019,3.39088381684691e-05,0.00150481706059385,0.718891490835826,0.718891490835826,0.0359445745417913,0.0359445745417913,0,0,1,7126,0.7132,0.712,0.7126,0.7126,0.2874,0.049915872125631,0.0514044943820225,0.0356,0.0366,0.05,0.05,0.0432400893345331,0.0575603139807359,0.0446220614024498,0.0591540080703707,0.0308102268181228,0.0411028147484462,0.031740768074031,0.042170738088648,0.700504088834512,0.725568563056116,0.699289403607034,0.724385090768262,1,V0,all,0.05,0,A3,1.5,0,40,10,1,1,R1,1,0.5,1,0.2,rational,Gaussian,matched,42,400796,0,40,15.9758267910173,1.59758267910173,1.95811093399842,1.95811093399842,0,0.511469035905972,0.511469035905972,1,0.718891490835826,0.718891490835826,1,42,0.0366,1,S2,E5_main
0.05,0.0527811122140849,171,151,5000,2997,2982,0.000228963194422142,0.0328563778420188,6.32872057725101e-05,0.0319901861050318,0.000165675988649632,0.00510932885963811,0.601733240009112,0.601733240009112,0.0300866620004556,0.0300866620004556,0,0,1,5979,0.5994,0.5964,0.5979,0.5979,0.4021,0.0570570570570571,0.0506371562709591,0.0342,0.0302,0.05,0.05,0.0493057666661119,0.0659423940803099,0.043329668339779,0.0591009071072815,0.0295092942470722,0.0396058968849431,0.0258051954095261,0.0353161373380496,0.585746277645671,0.612901103207652,0.582731997072508,0.609919989992485,1,V0,all,0.05,0,A3,1.5,0,50,10,1,1,R1,1,0.5,1,0.2,rational,Gaussian,matched,42,400802,0,50,22.6900933636988,2.26900933636988,2.33358574029062,2.33358574029062,0,0.30217597874494,0.30217597874494,1,0.601733240009112,0.601733240009112,1,42,0.0302,1,S2,E5_main
0.05,0.0872315365257506,117,120,5000,2022,2062,0.00190845463871421,0.0544701921399905,0.000503187612282555,0.0540497676587871,0.00140526702643166,0.0258985809284953,0.415584415584416,0.415584415584416,0.0207792207792208,0.0207792207792208,0,0,1,4084,0.4044,0.4124,0.4084,0.4084,0.5916,0.0578635014836795,0.05819592628516,0.0234,0.024,0.05,0.05,0.048500108681249,0.0689036781674757,0.0488886331137044,0.0691463001961796,0.0195613967959094,0.0279703766981191,0.0201091147398617,0.0286217375118327,0.390875062693592,0.418071721918303,0.398827644814786,0.426106856565988,1,V0,all,0.05,0,A3,1.5,0,60,10,1,1,R1,1,0.5,1,0.2,rational,Gaussian,matched,42,400808,0,60,37.5,3.75,3,3,0,0.142222222222222,0.142222222222222,1,0.415584415584416,0.415584415584416,1,42,0.024,1,S2,E5_main
0.05,0.186427579854648,49,46,5000,929,932,0.00151006540432766,0.116149553888749,0.00189416362703781,0.11145478055956,0.000384098222710151,0.00337442200923101,0.185405974948224,0.185405974948224,0.0092702987474112,0.0092702987474112,0,0,1,1861,0.1858,0.1864,0.1861,0.1861,0.8139,0.0527448869752422,0.0493562231759657,0.0098,0.0092,0.05,0.05,0.0401250093012247,0.0690483747263709,0.0372052973248975,0.0652067703574526,0.00742108315782349,0.0129315718291105,0.00690473854824771,0.0122488376810204,0.175261839315291,0.196820584586983,0.175847983826285,0.197433518833655,1,V0,all,0.05,0,A3,1.5,0,70,10,1,1,R1,1,0.5,1,0.2,rational,Gaussian,matched,42,400814,0,70,80.1434265976222,8.01434265976222,4.38570660024463,4.38570660024463,0,0.045521074116997,0.045521074116997,1,0.185405974948224,0.185405974948224,1,42,0.0092,1,S2,E5_main
0.05,0.0232617430735335,231,240,5000,4268,4250,3.89003488780766e-05,0.0143602952175946,0.00111961492833254,0.0141395883066799,0.00108071457945447,0.0758376555396028,0.850498338870432,0.850667850689981,0.0425249169435216,0.0491066753947977,0,0,1,8518,0.8536,0.85,0.8518,0.8518,0.1482,0.0541237113402062,0.0564705882352941,0.0462,0.048,0.05,0.0577272026384529,0.0477278039907724,0.0613215283197241,0.0499229715222776,0.0638192691099888,0.0407216699236964,0.0523750963616375,0.042413931418708,0.0542800711396237,0.843530013667935,0.863127067516521,0.839834123136507,0.859628485501953,1,V0,all,0.05,0,A3,1.5,1,0,10,1,1,R1,1,0.5,1,0.2,rational,Gaussian,matched,42,400820,1,0,10,1,1.5,1.499,0.99999999999989,1.13777777777778,1.13929633320145,1,0.850498338870432,0.850667850689981,1,42,0.048,0,S2,E5_main
0.05,0.0236205929557148,216,237,5000,4275,4222,-0.000365114292122821,0.0145417793913848,0.00089828282444555,0.0144685472302873,0.00126339711656837,0.0870995427021642,0.844564264360513,0.842689451314591,0.0422282132180257,0.0486461047173237,0,0,1,8497,0.855,0.8444,0.8497,0.8497,0.1503,0.0505263157894737,0.0561345333964946,0.0432,0.0474,0.05,0.0577272026384525,0.0443547088326407,0.0575049798272934,0.0495862713100373,0.0634897783896704,0.0379066638536659,0.0491947086433383,0.0418495843205747,0.053645339480091,0.844967848833237,0.864487082785772,0.834088851735165,0.85418235516508,1,V0,all,0.05,0,A3,1.5,1,10,10,1,1,R1,1,0.5,1,0.2,rational,Gaussian,matched,42,400826,1,10,10.1542661188575,1.01542661188575,1.52313991782862,1.52212449121673,1.01542661188558,1.08670539742466,1.07137055760934,0.984574607094838,0.844564264360513,0.842689451314591,1,42,0.0474,0,S2,E5_main
0.05,0.0247546299278998,235,221,5000,4116,4096,0.000113096335957016,0.0153908380432592,0.000992325903230328,0.0150598101050419,0.000879229567273311,0.0577444273008682,0.825189075722589,0.815628193237661,0.0412594537861295,0.0470839339886657,0,0,1,8212,0.8232,0.8192,0.8212,0.8212,0.1788,0.0570942662779397,0.053955078125,0.047,0.0442,0.05,0.0577272026384529,0.0504102450215304,0.0646042436564711,0.0474446879661926,0.0613013363127411,0.0414734961677938,0.053222041794428,0.038844214757119,0.0502556223359951,0.812378598426599,0.833525159036116,0.808288861742508,0.829621037335768,1,V0,all,0.05,0,A3,1.5,1,20,10,1,1,R1,1,0.5,1,0.2,rational,Gaussian,matched,42,400832,1,20,10.6417777247591,1.06417777247591,1.59626665871387,1.59520248094139,1.06417777247581,0.944093258626198,0.884764550025839,0.935908872470481,0.825189075722589,0.815628193237661,1,42,0.0442,0,S2,E5_main
0.05,0.0290771788419169,209,205,5000,3974,3792,3.40189398873966e-05,0.0177072384839397,0.000909334928863002,0.0177791299623323,0.000875315988975606,0.0493324186754827,0.787009347512097,0.757984095349498,0.0393504673756048,0.0432860639682286,0,0,1,7766,0.7948,0.7584,0.7766,0.7766,0.2234,0.052591847005536,0.0540611814345992,0.0418,0.041,0.05,0.0571068235254591,0.0460737848634001,0.0599740461493916,0.0473043722485326,0.0617205865939972,0.0365954747193083,0.0477080473431421,0.035846974112552,0.0468577762730104,0.783381809295433,0.805765553637762,0.74633971409137,0.770063537543424,1,V0,all,0.05,0,A3,1.5,1,30,10,1,1,R1,1,0.5,1,0.2,rational,Gaussian,matched,42,400838,1,30,12.5,1.25,1.73205080756888,1.7308961070305,1.15470053837918,0.739008344562721,0.626391969109725,0.846481724890614,0.787009347512097,0.757984095349498,1,42,0.041,0,S2,E5_main
0.05,0.0371625578199918,173,183,5000,3612,3247,0.000430003051669633,0.0227011231194055,0.00129069340265646,0.0227621441141568,0.000860690350986829,0.0378630761970524,0.718891490835826,0.642965663289768,0.0359445745417913,0.0361654276861347,0,0,1,6859,0.7224,0.6494,0.6859,0.6859,0.3141,0.0478959025470653,0.0563597166615337,0.0346,0.0366,0.05,0.0562478367835264,0.0413992541938064,0.0553531788995392,0.0489391143079568,0.064828801939445,0.029880766023927,0.0400338109465322,0.031740768074031,0.042170738088648,0.7098202845638,0.734638241611039,0.636063987038657,0.66250662362016,1,V0,all,0.05,0,A3,1.5,1,40,10,1,1,R1,1,0.5,1,0.2,rational,Gaussian,matched,42,400844,1,40,15.9758267910173,1.59758267910173,1.95811093399842,1.95680552670909,1.30540728933215,0.511469035905972,0.360170211758427,0.703249111156731,0.718891490835826,0.642965663289768,1,42,0.0366,0,S2,E5_main
0.05,0.0527811122140849,147,117,5000,3016,2147,-0.000290835496625755,0.0321861515720628,0.00142315228671583,0.0323565050588316,0.00171398778334158,0.0531115979006816,0.601733240009112,0.42650812728766,0.0300866620004556,0.0235444992033518,0,0,1,5163,0.6032,0.4294,0.5163,0.5163,0.4837,0.0487400530503979,0.0544946436888682,0.0294,0.0234,0.05,0.0552029321295259,0.0416128877366659,0.0570152895640745,0.0456644219688038,0.0649162337300604,0.0250668806848126,0.0344556803858752,0.0195613967959094,0.0279703766981191,0.589565126616473,0.616676419702067,0.415739174383261,0.443169225131381,1,V0,all,0.05,0,A3,1.5,1,50,10,1,1,R1,1,0.5,1,0.2,rational,Gaussian,matched,42,400850,1,50,22.6900933636988,2.26900933636988,2.33358574029062,2.33203001646376,1.55572382686042,0.30217597874494,0.148740774745588,0.49157620151199,0.601733240009112,0.42650812728766,1,42,0.0234,0,S2,E5_main
0.05,0.0872315365257506,103,39,5000,2106,694,0.000563144052840856,0.0529411216294742,0.00254884691651187,0.0531564980367237,0.00198570286367102,0.0374315423579993,0.415584415584416,0.13709945745482,0.0207792207792208,0.00740497359333844,0,0,1,2800,0.4212,0.1388,0.28,0.28,0.72,0.0489078822412156,0.0561959654178674,0.0206,0.0078,0.05,0.0540116914450862,0.0404897408223235,0.0589686606340522,0.0413783430678615,0.0758996687014604,0.0170152741392375,0.0249207984856833,0.00571125620915014,0.0106444695855641,0.407579773194988,0.434941216631553,0.12949377652231,0.148660811362799,0,V0,all,0.05,0,A3,1.5,1,60,10,1,1,R1,1,0.5,1,0.2,rational,Gaussian,matched,42,400856,1,60,37.5,3.75,3,2.998,1.99999999999978,0.142222222222222,0.0317764216604699,0.22313016014843,0.415584415584416,0.13709945745482,1,42,0.0078,0,S2,E5_main
0.05,0.186427579854648,54,2,5000,964,22,0.000845106823980115,0.113828665899796,0.0099942507085917,0.126361160919616,0.00914914388461159,0.076079117619864,0.185405974948224,0.00520392670941764,0.0092702987474112,0.000274338087810884,0,0,1,986,0.1928,0.0044,0.0986,0.0986,0.9014,0.0560165975103734,0.0909090909090909,0.0108,0.0004,0.05,0.0527175156626263,0.0431847594883283,0.0723728639234358,0.0252954289909953,0.278149468416058,0.00828718976523489,0.014063929817809,0.000109701282077635,0.00145738650142344,0.182102784451373,0.20396889162367,0.00290756475299922,0.0066533814149414,0,V0,all,0.05,0,A3,1.5,1,70,10,1,1,R1,1,0.5,1,0.2,rational,Gaussian,matched,42,400862,1,70,80.1434265976222,8.01434265976222,4.38570660024463,4.38278279584447,2.92380440016249,0.045521074116997,0.00104622984531978,0.0229527830230526,0.185405974948224,0.00520392670941764,1,42,0.0004,0,S2,E5_main
0.05,0.0232617430735335,219,296,5000,4250,4310,0.000132966934488262,0.0143432351581925,0.00197382217382815,0.0143211044809876,0.00184085523933988,0.128442148946227,0.850498338870432,0.85083731698024,0.0425249169435216,0.0564648018428966,0,0,1,8560,0.85,0.862,0.856,0.856,0.144,0.0515294117647059,0.068677494199536,0.0438,0.0592,0.05,0.06636380506123,0.0452785726000003,0.0585902394133151,0.0615048364370477,0.0766183339456635,0.0384690978287313,0.0498313534259389,0.0529907352795657,0.0660860707551967,0.839834123136507,0.859628485501953,0.852161757932552,0.871282425859227,1,V0,all,0.05,0,A3,1.5,2,0,10,1,1,R1,1,0.5,1,0.2,rational,Gaussian,matched,42,400868,2,0,10,1,1.5,1.498,2,1.13777777777778,1.14081793080583,1,0.850498338870432,0.85083731698024,1,42,0.0592,0,S2,E5_main
0.05,0.0236205929557148,227,279,5000,4186,4159,0.000441465472055421,0.0143506356789497,0.00234119586661417,0.0143597926272182,0.00189973039455875,0.132337301114162,0.844564264360513,0.842866299257576,0.0422282132180257,0.055935814776611,0,0,1,8345,0.8372,0.8318,0.8345,0.8345,0.1655,0.0542283803153368,0.0670834335176725,0.0454,0.0558,0.05,0.0663638050612311,0.0477675763358145,0.0615065962839681,0.0598729838670691,0.0750928716377572,0.0399703200435625,0.0515276745648835,0.0497720485271196,0.0625099778808691,0.82670873918251,0.847173522625744,0.821178352589888,0.841912200399372,1,V0,all,0.05,0,A3,1.5,2,10,10,1,1,R1,1,0.5,1,0.2,rational,Gaussian,matched,42,400874,2,10,10.1542661188575,1.01542661188575,1.52313991782862,1.52110906460485,2.03085322377161,1.08670539742466,1.07280143632487,0.984574607094838,0.844564264360513,0.842866299257576,1,42,0.0558,0,S2,E5_main
0.05,0.0247546299278998,222,270,5000,4158,4083,0.000141459813132241,0.0150114754932932,0.0024164213291333,0.0148038304695704,0.00227496151600106,0.15259989953693,0.825189075722589,0.815828814532504,0.0412594537861295,0.0541415044109695,0,0,1,8241,0.8316,0.8166,0.8241,0.8241,0.1759,0.0533910533910534,0.0661278471711976,0.0444,0.054,0.05,0.0663638050612301,0.046960787671018,0.0606457762146701,0.0589058997313555,0.0741654377062426,0.0390318208814263,0.0504677091309097,0.0480706711782013,0.0606141189567897,0.820973598386575,0.841717261683464,0.805631577162729,0.82708231396566,1,V0,all,0.05,0,A3,1.5,2,20,10,1,1,R1,1,0.5,1,0.2,rational,Gaussian,matched,42,400880,2,20,10.6417777247591,1.06417777247591,1.59626665871387,1.59413830316892,2.12835554495183,0.944093258626198,0.885946205386715,0.935908872470481,0.825189075722589,0.815828814532504,1,42,0.054,0,S2,E5_main
0.05,0.0290771788419169,197,252,5000,3894,3771,0.000132918005544844,0.0177925384411503,0.00269587995135747,0.0176540642208663,0.00256296194581263,0.144608633641958,0.787009347512097,0.758228848160706,0.0393504673756048,0.0492740809539709,0,0,1,7665,0.7788,0.7542,0.7665,0.7665,0.2335,0.0505906522855675,0.0668257756563246,0.0394,0.0504,0.05,0.0649857639596526,0.0441391696939527,0.0579279520768395,0.0592881906789655,0.0752449981610633,0.0343516832748796,0.0451555237569071,0.0446738140627647,0.0568165035262307,0.767083866841296,0.79008806255414,0.742073526609097,0.765936173722036,1,V0,all,0.05,0,A3,1.5,2,30,10,1,1,R1,1,0.5,1,0.2,rational,Gaussian,matched,42,400886,2,30,12.5,1.25,1.73205080756888,1.72974140649212,2.30940107675859,0.739008344562721,0.627228552614666,0.846481724890614,0.787009347512097,0.758228848160706,1,42,0.0504,0,S2,E5_main
0.05,0.0371625578199918,174,223,5000,3557,3209,0.000439640549305215,0.0226552084180709,0.00292796782612459,0.0228443840986999,0.00248832727681938,0.109377057323057,0.718891490835826,0.643271992284148,0.0359445745417913,0.0405875743250406,0,0,1,6766,0.7114,0.6418,0.6766,0.6766,0.3234,0.0489176272139443,0.0694920535992521,0.0348,0.0446,0.05,0.0630955098494512,0.0423029938741453,0.0565055217223956,0.0611988618150223,0.0788147257168733,0.0300665696232606,0.0402477002664205,0.0392194585074783,0.0506797644240797,0.698682101260222,0.723793314357408,0.628405773119696,0.654976506608685,1,V0,all,0.05,0,A3,1.5,2,40,10,1,1,R1,1,0.5,1,0.2,rational,Gaussian,matched,42,400892,2,40,15.9758267910173,1.59758267910173,1.95811093399842,1.95550011941975,2.61081457866452,0.511469035905972,0.360651240368287,0.703249111156731,0.718891490835826,0.643271992284148,1,42,0.0446,0,S2,E5_main
0.05,0.0527811122140849,156,153,5000,2965,2161,-0.000506505117131114,0.0317835267713765,0.00378447211094315,0.0326970039625038,0.00429097722807426,0.133080378016901,0.601733240009112,0.426834617660432,0.0300866620004556,0.0259619829686618,0,0,1,5126,0.593,0.4322,0.5126,0.5126,0.4874,0.0526138279932546,0.0708005552984729,0.0312,0.0306,0.05,0.0608244549398658,0.0451409048309902,0.0612445196524563,0.0607307713321258,0.0823935473371414,0.0267293173446752,0.0363904799990104,0.0261746834843562,0.0357460351016635,0.579316449974371,0.606540757463849,0.418526191658521,0.445977908725229,1,V0,all,0.05,0,A3,1.5,2,50,10,1,1,R1,1,0.5,1,0.2,rational,Gaussian,matched,42,400898,2,50,22.6900933636988,2.26900933636988,2.33358574029062,2.3304742926369,3.11144765372084,0.30217597874494,0.148939426843318,0.49157620151199,0.601733240009112,0.426834617660432,1,42,0.0306,0,S2,E5_main
0.05,0.0872315365257506,111,35,5000,2089,667,0.000146336717297187,0.0531642531365716,0.00544711086423861,0.0520734670832807,0.00530077414694143,0.100733642285309,0.415584415584416,0.13725742944169,0.0207792207792208,0.00799854174917643,0,0,1,2756,0.4178,0.1334,0.2756,0.2756,0.7244,0.0531354715174725,0.0524737631184408,0.0222,0.007,0.05,0.0582740167997564,0.0443109214184474,0.0636004819364702,0.0379694615056513,0.0721034295623869,0.0184681280732392,0.0266654879054574,0.00503763509410314,0.00971931902372318,0.404197739048897,0.431528471150871,0.124256527774532,0.143106351291584,0,V0,all,0.05,0,A3,1.5,2,60,10,1,1,R1,1,0.5,1,0.2,rational,Gaussian,matched,42,400904,2,60,37.5,3.75,3,2.996,4,0.142222222222222,0.0318188609501131,0.22313016014843,0.415584415584416,0.13725742944169,1,42,0.007,0,S2,E5_main
0.05,0.186427579854648,33,1,5000,949,22,-0.00993422806684619,0.112069351455133,-0.0159959892091925,0.100703271566662,0.00606176114234631,0.0568976465600737,0.185405974948224,0.0052108406450435,0.0092702987474112,0.000289467040492469,0,0,1,971,0.1898,0.0044,0.0971,0.0971,0.9029,0.0347734457323498,0.0454545454545455,0.0066,0.0002,0.05,0.0555509293433885,0.024866221663106,0.0484318681441269,0.00806942762126384,0.217980458386573,0.00470351071323626,0.00925405756614611,3.53057834393653e-05,0.00113208908083974,0.179170261184543,0.200906021102171,0.00290756475299922,0.0066533814149414,0,V0,all,0.05,0,A3,1.5,2,70,10,1,1,R1,1,0.5,1,0.2,rational,Gaussian,matched,42,400910,2,70,80.1434265976222,8.01434265976222,4.38570660024463,4.3798589914443,5.84760880032587,0.045521074116997,0.00104762714712781,0.0229527830230526,0.185405974948224,0.0052108406450435,1,42,0.0002,0,S2,E5_main
0.05,0.0232617430735335,197,326,5000,4293,4242,1.54035251190133e-05,0.0142841436507681,0.00300700046302332,0.0143622243526159,0.00299159693790431,0.208863184670904,0.850498338870432,0.851006737646391,0.0425249169435216,0.0646498824586541,0,0,1,8535,0.8586,0.8484,0.8535,0.8535,0.1465,0.045888655951549,0.0768505421970768,0.0394,0.0652,0.05,0.0759687081179343,0.0400250656231993,0.0525642148130133,0.0692125293657603,0.0852542507016371,0.0343516832748796,0.0451555237569071,0.0586852892713124,0.0723823043401092,0.848666573796284,0.867982830368721,0.838192140414483,0.858072924870201,1,V0,all,0.05,0,A3,1.5,3,0,10,1,1,R1,1,0.5,1,0.2,rational,Gaussian,matched,42,400916,3,0,10,1,1.5,1.497,2.99999999999989,1.13777777777778,1.14234257872235,1,0.850498338870432,0.851006737646391,1,42,0.0652,0,S2,E5_main
0.05,0.0236205929557148,224,341,5000,4202,4206,0.000594929018765935,0.0144006090625418,0.00303167321107426,0.0145038375665515,0.00243674419230833,0.168605798530976,0.844564264360513,0.843043103352279,0.0422282132180257,0.0640448954494074,0,0,1,8408,0.8404,0.8412,0.8408,0.8408,0.1592,0.0533079485959067,0.0810746552543985,0.0448,0.0682,0.05,0.0759687081179349,0.0469144396299962,0.0605174413014807,0.0732029284886417,0.0897109164932592,0.0394071274343464,0.0508917884164337,0.0615388979921985,0.0755240894075529,0.829987886367409,0.850289462148396,0.830807897034933,0.851068223157761,1,V0,all,0.05,0,A3,1.5,3,10,10,1,1,R1,1,0.5,1,0.2,rational,Gaussian,matched,42,400922,3,10,10.1542661188575,1.01542661188575,1.52313991782862,1.52009363799296,3.0462798356572,1.08670539742466,1.07423518349045,0.984574607094838,0.844564264360513,0.843043103352279,1,42,0.0682,0,S2,E5_main
0.05,0.0247546299278998,179,302,5000,4102,4072,-8.05785300735924e-05,0.0149536396665078,0.00298053916673827,0.0151530562739395,0.00306111769681187,0.203346827230969,0.825189075722589,0.816029400565651,0.0412594537861295,0.0619926993472249,0,0,1,8174,0.8204,0.8144,0.8174,0.8174,0.1826,0.0436372501218918,0.0741650294695481,0.0358,0.0604,0.05,0.0759687081179344,0.0378009942191062,0.0503274594607942,0.0665117458317331,0.0826210074811417,0.03099625002291,0.041316484462881,0.0541282161651582,0.067346747384936,0.809515576593715,0.830792479999893,0.803383736224545,0.824933532792403,1,V0,all,0.05,0,A3,1.5,3,20,10,1,1,R1,1,0.5,1,0.2,rational,Gaussian,matched,42,400928,3,20,10.6417777247591,1.06417777247591,1.59626665871387,1.59307412539644,3.19253331742764,0.944093258626198,0.887130229585249,0.935908872470481,0.825189075722589,0.816029400565651,1,42,0.0604,0,S2,E5_main
0.05,0.0290771788419169,231,283,5000,3892,3815,2.89041225834284e-05,0.0182696212229527,0.0035196117341259,0.0175573658048916,0.00349070761154247,0.194826207148919,0.787009347512097,0.758473595594028,0.0393504673756048,0.0558870126973898,0,0,1,7707,0.7784,0.763,0.7707,0.7707,0.2293,0.0593525179856115,0.0741808650065531,0.0462,0.0566,0.05,0.0736835310049518,0.052354703377124,0.0672193254288912,0.0662864486638826,0.0829319635078204,0.0407216699236964,0.0523750963616375,0.0505288140312871,0.0633519840535895,0.766676744023186,0.789695799533807,0.751013991694456,0.774582197082444,1,V0,all,0.05,0,A3,1.5,3,30,10,1,1,R1,1,0.5,1,0.2,rational,Gaussian,matched,42,400934,3,30,12.5,1.25,1.73205080756888,1.72858670595374,3.46410161513755,0.739008344562721,0.628066813199554,0.846481724890614,0.787009347512097,0.758473595594028,1,42,0.0566,0,S2,E5_main
0.05,0.0371625578199918,162,240,5000,3619,3240,-0.000332417525044808,0.0227487999079275,0.00444823851573844,0.0221262696146978,0.00478065604078325,0.213044621301915,0.718891490835826,0.643578408591026,0.0359445745417913,0.0454209333452703,0,0,1,6859,0.7238,0.648,0.6859,0.6859,0.3141,0.0447637468914065,0.0740740740740741,0.0324,0.048,0.05,0.0705756015723236,0.0384956559757856,0.0519972520211912,0.0655519847549163,0.0836049530803242,0.027839983119601,0.0376779717394164,0.042413931418708,0.0542800711396237,0.711238533421935,0.736017843187458,0.634652988546147,0.661119771678116,1,V0,all,0.05,0,A3,1.5,3,40,10,1,1,R1,1,0.5,1,0.2,rational,Gaussian,matched,42,400940,3,40,15.9758267910173,1.59758267910173,1.95811093399842,1.95419471213042,3.91622186799667,0.511469035905972,0.361133233285273,0.703249111156731,0.718891490835826,0.643578408591026,1,42,0.048,0,S2,E5_main
0.05,0.0527811122140849,148,146,5000,3028,2127,0.000342722561896161,0.0318442656853569,0.00437868435564062,0.0320832592837252,0.00403596179374446,0.12626591102317,0.601733240009112,0.427161389891438,0.0300866620004556,0.0285702573949303,0,0,1,5155,0.6056,0.4254,0.5155,0.5155,0.4845,0.0488771466314399,0.0686412787964269,0.0296,0.0292,0.05,0.0668839882794448,0.0417526984426667,0.0571447745595412,0.0586552642778168,0.0801825913477381,0.0252513753513971,0.0346708786385126,0.024882442945122,0.0342404252063438,0.591977470718683,0.619060390630521,0.411758497553428,0.439156043576775,1,V0,all,0.05,0,A3,1.5,3,50,10,1,1,R1,1,0.5,1,0.2,rational,Gaussian,matched,42,400946,3,50,22.6900933636988,2.26900933636988,2.33358574029062,2.32891856881004,4.66717148058127,0.30217597874494,0.149138477174394,0.49157620151199,0.601733240009112,0.427161389891438,1,42,0.0292,0,S2,E5_main
0.05,0.0872315365257506,111,54,5000,2030,737,0.000681731347388458,0.0535845236079761,0.00471960832823973,0.0551553567484817,0.00403787698085127,0.0742589695689777,0.415584415584416,0.137415660107861,0.0207792207792208,0.00862918117555395,0,0,1,2767,0.406,0.1474,0.2767,0.2767,0.7233,0.054679802955665,0.073270013568521,0.0222,0.0108,0.05,0.0627961992743818,0.0456043667435626,0.065437454063673,0.0565887169884555,0.0943767257376152,0.0184681280732392,0.0266654879054574,0.00828718976523489,0.014063929817809,0.392465280448456,0.419679047517215,0.137844559975119,0.157496823436536,0,V0,all,0.05,0,A3,1.5,3,60,10,1,1,R1,1,0.5,1,0.2,rational,Gaussian,matched,42,400952,3,60,37.5,3.75,3,2.994,5.99999999999978,0.142222222222222,0.0318613853168361,0.22313016014843,0.415584415584416,0.137415660107861,1,42,0.0108,0,S2,E5_main
0.05,0.186427579854648,51,0,5000,947,18,-0.000569471173618598,0.11590714342486,-0.0304613145138767,0.100725447491077,0.0298918433402581,0.275292920344001,0.185405974948224,0.00521776834448541,0.0092702987474112,0.000305256242612957,0,0,1,965,0.1894,0.0036,0.0965,0.0965,0.9035,0.0538542766631468,0,0.0102,0,0.05,0.058503218705671,0.0411962296758082,0.0701172367689204,0,0.175879223646658,0.00776673589879977,0.0133853049265782,0,0.000767701945057125,0.178779335672751,0.200497560775519,0.00227844075441302,0.0056837337366397,0,V0,all,0.05,0,A3,1.5,3,70,10,1,1,R1,1,0.5,1,0.2,rational,Gaussian,matched,42,400958,3,70,80.1434265976222,8.01434265976222,4.38570660024463,4.37693518704414,8.77141320048835,0.045521074116997,0.00104902725007503,0.0229527830230526,0.185405974948224,0.00521776834448541,1,42,0,0,S2,E5_main
0.05,0.0232617430735335,192,458,5000,4246,4226,9.79207333029734e-05,0.0138351932089508,0.00536285609339528,0.0141479036492762,0.00526493536009231,0.376270480336399,0.850498338870432,0.851345441726901,0.0425249169435216,0.0836870818493628,0,0,1,8472,0.8492,0.8452,0.8472,0.8472,0.1528,0.0452190296749882,0.108376715570279,0.0384,0.0916,0.05,0.0982997943579856,0.039369559309337,0.051890658884383,0.0993576771850482,0.118107083084513,0.0334183323246028,0.0440904101110739,0.083914882734668,0.0999121762140547,0.839013083495985,0.858850753465587,0.834909321263216,0.854960657313917,1,V0,all,0.05,0,A3,1.5,5,0,10,1,1,R1,1,0.5,1,0.2,rational,Gaussian,matched,42,400964,5,0,10,1,1.5,1.495,4.99999999999989,1.13777777777778,1.14540105815371,1,0.850498338870432,0.851345441726901,1,42,0.0916,0,S2,E5_main
0.05,0.0236205929557148,207,421,5000,4226,4194,-0.000188727736659979,0.0142665820145974,0.0054167506571292,0.0142223579501734,0.00560547839378918,0.393519144407985,0.844564264360513,0.843396579589143,0.0422282132180257,0.0829057103358408,0,0,1,8420,0.8452,0.8388,0.842,0.842,0.158,0.0489824893516327,0.100381497377206,0.0414,0.0842,0.05,0.0982997943579852,0.0428749075289855,0.0559092816394641,0.0916492674537631,0.10984511176901,0.036221154800885,0.0472829814231214,0.0768185826580228,0.0922198382794867,0.834909321263216,0.854960657313917,0.828348134756961,0.848731670405068,1,V0,all,0.05,0,A3,1.5,5,10,10,1,1,R1,1,0.5,1,0.2,rational,Gaussian,matched,42,400970,5,10,10.1542661188575,1.01542661188575,1.52313991782862,1.51806278476919,5.07713305942858,1.08670539742466,1.07711131388631,0.984574607094838,0.844564264360513,0.843396579589143,1,42,0.0842,0,S2,E5_main
0.05,0.0247546299278998,216,384,5000,4121,4054,7.27664852903897e-05,0.0151007700786688,0.00506907396588182,0.0151103216418038,0.00499630748059143,0.330759793595681,0.825189075722589,0.816430466347406,0.0412594537861295,0.0802549469495445,0,0,1,8175,0.8242,0.8108,0.8175,0.8175,0.1825,0.0524144625090997,0.0947212629501727,0.0432,0.0768,0.05,0.0982997943579859,0.046017435165561,0.0596451613661619,0.0860869588750992,0.104122901873135,0.0379066638536659,0.0491947086433383,0.0697399761946566,0.0845098067316397,0.813401341945708,0.834500880113117,0.79970667628361,0.821416120187343,1,V0,all,0.05,0,A3,1.5,5,20,10,1,1,R1,1,0.5,1,0.2,rational,Gaussian,matched,42,400976,5,20,10.6417777247591,1.06417777247591,1.59626665871387,1.59094576985149,5.32088886237947,0.944093258626198,0.889505409860118,0.935908872470481,0.825189075722589,0.816430466347406,1,42,0.0768,0,S2,E5_main
0.05,0.0290771788419169,186,352,5000,3964,3745,-0.000133827453589127,0.017481383593518,0.00551126814002065,0.0178115720343834,0.00564509559360977,0.319885283454223,0.787009347512097,0.758963073672702,0.0393504673756048,0.0711217850039566,0,0,1,7709,0.7928,0.749,0.7709,0.7709,0.2291,0.0469223007063572,0.0939919893190921,0.0372,0.0704,0.05,0.0937091506439053,0.0407663598921832,0.0539555342967041,0.0850573889783424,0.103758667020826,0.0322995937978886,0.0428109911224563,0.0636340218927391,0.077825587618454,0.781343141666044,0.803807292074931,0.736793695971573,0.760823988459789,1,V0,all,0.05,0,A3,1.5,5,30,10,1,1,R1,1,0.5,1,0.2,rational,Gaussian,matched,42,400982,5,30,12.5,1.25,1.73205080756888,1.72627730487698,5.77350269189614,0.739008344562721,0.62974838356686,0.846481724890614,0.787009347512097,0.758963073672702,1,42,0.0704,0,S2,E5_main
0.05,0.0371625578199918,192,265,5000,3575,3258,0.000256096094883758,0.0226723395769246,0.00658327099399612,0.0223020839977681,0.00632717489911236,0.281358158426949,0.718891490835826,0.644191502470939,0.0359445745417913,0.0564027794307793,0,0,1,6833,0.715,0.6516,0.6833,0.6833,0.3167,0.0537062937062937,0.0813382443216697,0.0384,0.053,0.05,0.0875559196518954,0.0467839347282901,0.0615867386539547,0.0724375088637943,0.0912250926330002,0.0334183323246028,0.0440904101110739,0.0471262914493397,0.0595600340895414,0.70232631876525,0.727343569398375,0.638281522786169,0.664685709984089,1,V0,all,0.05,0,A3,1.5,5,40,10,1,1,R1,1,0.5,1,0.2,rational,Gaussian,matched,42,400988,5,40,15.9758267910173,1.59758267910173,1.95811093399842,1.95158389755176,6.52703644666119,0.511469035905972,0.362100122366147,0.703249111156731,0.718891490835826,0.644191502470939,1,42,0.053,0,S2,E5_main
0.05,0.0527811122140849,161,168,5000,2998,2101,0.000804311150493474,0.0324618772252628,0.00866178693483737,0.0324707697317694,0.0078574757843439,0.242019263926175,0.601733240009112,0.427815780512892,0.0300866620004556,0.0343927371622421,0,0,1,5099,0.5996,0.4202,0.5099,0.5099,0.4901,0.0537024683122081,0.0799619228938601,0.0322,0.0336,0.05,0.0803914645715265,0.0461891242707384,0.0623580669419196,0.0691158688477093,0.0923411650759294,0.0276547458300799,0.0374635161097156,0.0289524308716719,0.0389636815026774,0.585947248485359,0.613099825287185,0.406584988170832,0.433937537059599,1,V0,all,0.05,0,A3,1.5,5,50,10,1,1,R1,1,0.5,1,0.2,rational,Gaussian,matched,42,400994,5,50,22.6900933636988,2.26900933636988,2.33358574029062,2.32580712115632,7.77861913430211,0.30217597874494,0.149537776800757,0.49157620151199,0.601733240009112,0.427815780512892,1,42,0.0336,0,S2,E5_main
0.05,0.0872315365257506,120,60,5000,2132,681,-0.000784956910883938,0.0541025132099233,0.0125822363301251,0.0544713209164327,0.013367193241009,0.246230894036444,0.415584415584416,0.13773289959856,0.0207792207792208,0.0100071192277252,0,0,1,2813,0.4264,0.1362,0.2813,0.2813,0.7187,0.0562851782363977,0.0881057268722467,0.024,0.012,0.05,0.0726559831158145,0.0472765092670364,0.0668899508949137,0.0690619010122262,0.111770402911007,0.0201091147398617,0.0286217375118327,0.00933453521161284,0.0154147418867629,0.412753580980962,0.440159424745351,0.126971514258587,0.145987065676637,0,V0,all,0.05,0,A3,1.5,5,60,10,1,1,R1,1,0.5,1,0.2,rational,Gaussian,matched,42,401000,5,60,37.5,3.75,3,2.99,9.99999999999979,0.142222222222222,0.0319466901925023,0.22313016014843,0.415584415584416,0.13773289959856,1,42,0.012,0,S2,E5_main
0.05,0.186427579854648,40,0,5000,927,26,0.00142313971548982,0.112873818147432,-0.0219941387494036,0.106916194636244,0.0234172784648934,0.213009500927406,0.185405974948224,0.0052316651809116,0.0092702987474112,0.000338887101765154,0,0,1,953,0.1854,0.0052,0.0953,0.0953,0.9047,0.0431499460625674,0,0.008,0,0.05,0.0647761448881757,0.0318464928412937,0.0582241180304169,0,0.128728921859215,0.00588068172509965,0.0108747369888366,0,0.000767701945057125,0.174871099807641,0.196411938256189,0.00355116864180452,0.00760854920302401,0,V0,all,0.05,0,A3,1.5,5,70,10,1,1,R1,1,0.5,1,0.2,rational,Gaussian,matched,42,401006,5,70,80.1434265976222,8.01434265976222,4.38570660024463,4.37108757824382,14.6190220008151,0.045521074116997,0.00105183588938083,0.0229527830230526,0.185405974948224,0.0052316651809116,1,42,0,0,S2,E5_main
0.05,0.0232617430735335,218,725,5000,4312,4264,0.000426883520070467,0.0141701826778603,0.00981740393176097,0.0142629187157863,0.0093905204116905,0.660530860507391,0.850498338870432,0.852191396861539,0.0425249169435216,0.148440885793672,0,0,1,8576,0.8624,0.8528,0.8576,0.8576,0.1424,0.050556586270872,0.170028142589118,0.0436,0.145,0.05,0.174187261617932,0.0444079959662185,0.0575052608152021,0.159050920859713,0.181599375747703,0.038281587437894,0.0496191708975542,0.135512917214228,0.155032151166763,0.852573082968802,0.871670486661421,0.842708531527806,0.862349777979762,1,V0,all,0.05,0,A3,1.5,10,0,10,1,1,R1,1,0.5,1,0.2,rational,Gaussian,matched,42,401012,10,0,10,1,1.5,1.49,10,1.13777777777778,1.15310121165713,1,0.850498338870432,0.852191396861539,1,42,0.145,0,S2,E5_main
0.05,0.0236205929557148,225,751,5000,4230,4202,-1.74180627446961e-05,0.01449045133015,0.0103942721115198,0.0143827969065094,0.0104116901742645,0.721194769554431,0.844564264360513,0.844279495696512,0.0422282132180257,0.147062733395543,0,0,1,8432,0.846,0.8404,0.8432,0.8432,0.1568,0.0531914893617021,0.178724416944312,0.045,0.1502,0.05,0.174187261617931,0.046824957257377,0.0603688201277375,0.167435487209675,0.190600228963737,0.0395948274633155,0.0511037813066865,0.140565938420138,0.160371145860624,0.83572988429624,0.855738865957781,0.829987886367409,0.850289462148396,1,V0,all,0.05,0,A3,1.5,10,10,10,1,1,R1,1,0.5,1,0.2,rational,Gaussian,matched,42,401018,10,10,10.1542661188575,1.01542661188575,1.52313991782862,1.51298565170976,10.1542661188574,1.08670539742466,1.08435237796439,0.984574607094838,0.844564264360513,0.844279495696512,1,42,0.1502,0,S2,E5_main
0.05,0.0247546299278998,191,702,5000,4135,4093,-2.52143227241752e-05,0.0149106333482319,0.0105911399287677,0.0150822248665963,0.0106163542514919,0.707913893308268,0.825189075722589,0.817432504972556,0.0412594537861295,0.142386329598657,0,0,1,8228,0.827,0.8186,0.8228,0.8228,0.1772,0.0461910519951632,0.171512338138285,0.0382,0.1404,0.05,0.174187261617933,0.040203724570581,0.0530207834613441,0.160273359277825,0.18336733879936,0.033231777279803,0.0438772722366518,0.131046501676097,0.150305629562788,0.816265693589499,0.837232229338434,0.807675569921468,0.829035250399141,1,V0,all,0.05,0,A3,1.5,10,20,10,1,1,R1,1,0.5,1,0.2,rational,Gaussian,matched,42,401024,10,20,10.6417777247591,1.06417777247591,1.59626665871387,1.58562488098911,10.6417777247592,0.944093258626198,0.895485261327242,0.935908872470481,0.825189075722589,0.817432504972556,1,42,0.1404,0,S2,E5_main
0.05,0.0290771788419169,202,600,5000,3904,3771,0.000242315289549615,0.0179401550446953,0.0117660949807941,0.0175902897048261,0.0115237796912445,0.64863927992137,0.787009347512097,0.760186663284469,0.0393504673756048,0.122148763815515,0,0,1,7675,0.7808,0.7542,0.7675,0.7675,0.2325,0.0517418032786885,0.159108989657916,0.0404,0.12,0.05,0.160682592467169,0.0452236184046589,0.0591412753911535,0.147782216345092,0.171129576892654,0.0352859684033311,0.0462197032245654,0.111283151386251,0.129300302091993,0.769119713741293,0.792049144846363,0.742073526609097,0.765936173722036,1,V0,all,0.05,0,A3,1.5,10,30,10,1,1,R1,1,0.5,1,0.2,rational,Gaussian,matched,42,401030,10,30,12.5,1.25,1.73205080756888,1.72050380218508,11.5470053837925,0.739008344562721,0.633981974227071,0.846481724890614,0.787009347512097,0.760186663284469,1,42,0.12,0,S2,E5_main
0.05,0.0371625578199918,187,481,5000,3606,3225,0.000429672479456197,0.0225868714203912,0.0132463123789412,0.0228083516943658,0.012816639899485,0.564662379837301,0.718891490835826,0.645725753339908,0.0359445745417913,0.0923199618427763,0,0,1,6831,0.7212,0.645,0.6831,0.6831,0.3169,0.0518580144204104,0.149147286821705,0.0374,0.0962,0.05,0.142970853129625,0.0450857040199653,0.0595841168380765,0.137270230786475,0.161859184868842,0.0324859505928384,0.0430243272467284,0.088334157152011,0.104685838938817,0.708604762913657,0.73345560574585,0.631629839214985,0.658147527220949,1,V0,all,0.05,0,A3,1.5,10,40,10,1,1,R1,1,0.5,1,0.2,rational,Gaussian,matched,42,401036,10,40,15.9758267910173,1.59758267910173,1.95811093399842,1.9450568611051,13.0540728933228,0.511469035905972,0.364534402050086,0.703249111156731,0.718891490835826,0.645725753339908,1,42,0.0962,0,S2,E5_main
0.05,0.0527811122140849,154,256,5000,2965,2133,-0.000493290701683518,0.0325385121786679,0.0152569451867737,0.0322401950762742,0.0157502358884573,0.486273022296953,0.601733240009112,0.429456699774407,0.0300866620004556,0.0528307821993059,0,0,1,5098,0.593,0.4266,0.5098,0.5098,0.4902,0.0519392917369309,0.120018752930145,0.0308,0.0512,0.05,0.123017715702323,0.0445158576539178,0.0605222399158212,0.10690575905234,0.134497952342038,0.026359508374237,0.0359609031310047,0.0454279633979573,0.057661125867926,0.579316449974371,0.606540757463849,0.412952604534595,0.440360094110939,1,V0,all,0.05,0,A3,1.5,10,50,10,1,1,R1,1,0.5,1,0.2,rational,Gaussian,matched,42,401042,10,50,22.6900933636988,2.26900933636988,2.33358574029062,2.31802850202201,15.5572382686042,0.30217597874494,0.150543069949152,0.49157620151199,0.601733240009112,0.429456699774407,1,42,0.0512,0,S2,E5_main
0.05,0.0872315365257506,112,68,5000,2094,702,8.60599104150211e-05,0.0529329783934052,0.0185072372262476,0.0516251322415045,0.0184211773158326,0.352334913140322,0.415584415584416,0.138530562452472,0.0207792207792208,0.0141920671198697,0,0,1,2796,0.4188,0.1404,0.2796,0.2796,0.7204,0.0534861509073543,0.0968660968660969,0.0224,0.0136,0.05,0.102447191930942,0.0446409113735396,0.0639666565924284,0.0771299919933936,0.120990219100948,0.0186501320177961,0.0268831768801224,0.0107425918316195,0.0172042286205321,0.405192385843422,0.432532288952456,0.131046501676097,0.150305629562788,0,V0,all,0.05,0,A3,1.5,10,60,10,1,1,R1,1,0.5,1,0.2,rational,Gaussian,matched,42,401048,10,60,37.5,3.75,3,2.98,20,0.142222222222222,0.0321614572530506,0.22313016014843,0.415584415584416,0.138530562452472,1,42,0.0136,0,S2,E5_main
0.05,0.186427579854648,43,1,5000,879,22,0.00251634578677718,0.114460611160512,-0.0174253461976908,0.100591069846704,0.019941691984468,0.185075023279724,0.185405974948224,0.00526665070815346,0.0092702987474112,0.000435753631651041,0,0,1,901,0.1758,0.0044,0.0901,0.0901,0.9099,0.0489192263936291,0.0454545454545455,0.0086,0.0002,0.05,0.0827382820312039,0.0365188759325641,0.0652451020988992,0.00806942762126384,0.217980458386573,0.00639117563159494,0.0115633218400072,3.53057834393653e-05,0.00113208908083974,0.165499119886883,0.186598658054292,0.00290756475299922,0.0066533814149414,0,V0,all,0.05,0,A3,1.5,10,70,10,1,1,R1,1,0.5,1,0.2,rational,Gaussian,matched,42,401054,10,70,80.1434265976222,8.01434265976222,4.38570660024463,4.356468556243,29.2380440016302,0.045521074116997,0.00105890703511706,0.0229527830230526,0.185405974948224,0.00526665070815346,1,42,0.0002,0,S2,E5_main
