thickness_mm,angle_deg,sigma0_mm,reference_mode,stress_family,pfa_target,PD_theory_min,PD_theory_max,cross_distribution_spread
5,0,5,R0,L1,0.01,0.041132503787828,0.298675134594807,0.257542630806979
5,0,5,R0,L1,0.05,0.20566251893914,0.338675134594807,0.133012615655666
5,0,5,R0,L1,0.1,0.388675134594807,0.41132503787828,0.0226499032834738
5,0,5,R0,L2-C,0.01,0.041132503787828,0.298675134594807,0.257542630806979
5,0,5,R0,L2-C,0.05,0.20566251893914,0.338675134594807,0.133012615655666
5,0,5,R0,L2-C,0.1,0.388675134594807,0.41132503787828,0.0226499032834738
5,0,5,R1,L1,0.01,0.0330441278511665,0.0924914957130503,0.0594473678618838
5,0,5,R1,L1,0.05,0.150491598537269,0.182953759584191,0.0324621610469213
5,0,5,R1,L1,0.1,0.270766111540243,0.282833427382097,0.0120673158418545
5,0,5,R1,L2-C,0.01,0.0330441278511665,0.0924914957130503,0.0594473678618838
5,0,5,R1,L2-C,0.05,0.150491598537269,0.182953759584191,0.0324621610469213
5,0,5,R1,L2-C,0.1,0.270766111540243,0.282833427382097,0.0120673158418545
5,0,10,R0,L1,0.01,0.0202811498164744,0.154337567297403,0.134056417480929
5,0,10,R0,L1,0.05,0.101405749082372,0.194337567297403,0.0929318182150312
5,0,10,R0,L1,0.1,0.202811498164744,0.244337567297403,0.0415260691326591
5,0,10,R0,L2-C,0.01,0.0202811498164744,0.154337567297403,0.134056417480929
5,0,10,R0,L2-C,0.05,0.101405749082372,0.194337567297403,0.0929318182150312
5,0,10,R0,L2-C,0.1,0.202811498164744,0.244337567297403,0.0415260691326591
5,0,10,R1,L1,0.01,0.0182870873471732,0.0408290811898589,0.0225419938426858
5,0,10,R1,L1,0.05,0.0878042223195612,0.106060213125429,0.0182559908058679
5,0,10,R1,L1,0.1,0.170198265320205,0.176704258158223,0.00650599283801781
5,0,10,R1,L2-C,0.01,0.0182870873471732,0.0408290811898589,0.0225419938426858
5,0,10,R1,L2-C,0.05,0.0878042223195612,0.106060213125429,0.0182559908058679
5,0,10,R1,L2-C,0.1,0.170198265320205,0.176704258158223,0.00650599283801781
5,0,20,R0,L1,0.01,0.0142411901948097,0.0821687836487017,0.067927593453892
5,0,20,R0,L1,0.05,0.0712059509740486,0.122168783648702,0.0509628326746531
5,0,20,R0,L1,0.1,0.142411901948097,0.172168783648702,0.0297568817006046
5,0,20,R0,L2-C,0.01,0.0142411901948097,0.0821687836487017,0.067927593453892
5,0,20,R0,L2-C,0.05,0.0712059509740486,0.122168783648702,0.0509628326746531
5,0,20,R0,L2-C,0.1,0.142411901948097,0.172168783648702,0.0297568817006046
5,0,20,R1,L1,0.01,0.0135410863263746,0.0228103739282629,0.0092692876018883
5,0,20,R1,L1,0.05,0.0664305331273829,0.075425939896048,0.00899540676866516
5,0,20,R1,L1,0.1,0.130961583400837,0.134879027885061,0.00391744448422443
5,0,20,R1,L2-C,0.01,0.0135410863263746,0.0228103739282629,0.0092692876018883
5,0,20,R1,L2-C,0.05,0.0664305331273829,0.075425939896048,0.00899540676866516
5,0,20,R1,L2-C,0.1,0.130961583400837,0.134879027885061,0.00391744448422443
5,30,5,R0,L1,0.01,0.0511917432733936,0.343333333333326,0.292141590059933
5,30,5,R0,L1,0.05,0.255958716366968,0.383333333333326,0.127374616966358
5,30,5,R0,L1,0.1,0.433333333333326,0.511639995018621,0.0783066616852947
5,30,5,R0,L2-C,0.01,0.0369283527229015,0.276666666666661,0.23973831394376
5,30,5,R0,L2-C,0.05,0.184641763614507,0.316666666666661,0.132024903052154
5,30,5,R0,L2-C,0.1,0.360249812687267,0.369283527229014,0.00903371454174762
5,30,5,R1,L1,0.01,0.0395680144480122,0.112696007634655,0.0731279931866432
5,30,5,R1,L1,0.05,0.176673106645081,0.210964810894497,0.0342917042494165
5,30,5,R1,L1,0.1,0.304626754055536,0.321809359120384,0.0171826050648477
5,30,5,R1,L2-C,0.01,0.0302203153626322,0.0832679172188358,0.0530476018562036
5,30,5,R1,L2-C,0.05,0.138886151096706,0.169882959826709,0.0309968087300027
5,30,5,R1,L2-C,0.1,0.25481251435554,0.264885933531278,0.0100734191757373
5,30,10,R0,L1,0.01,0.0226255924283528,0.176666666666663,0.15404107423831
5,30,10,R0,L1,0.05,0.113127962141764,0.216666666666663,0.103538704524899
5,30,10,R0,L1,0.1,0.226255924283528,0.266666666666663,0.040410742383135
5,30,10,R0,L2-C,0.01,0.0192167512142145,0.143333333333331,0.124116582119116
5,30,10,R0,L2-C,0.05,0.0960837560710725,0.18333333333333,0.087249577262258
5,30,10,R0,L2-C,0.1,0.192167512142145,0.23333333333333,0.0411658211911855
5,30,10,R1,L1,0.01,0.0200568798383533,0.0474591149284394,0.0274022350900861
5,30,10,R1,L1,0.05,0.09560673922286,0.11659351655836,0.0209867773355003
5,30,10,R1,L1,0.1,0.18424419039953,0.191248897951023,0.0070047075514931
5,30,10,R1,L2-C,0.01,0.0174713892418673,0.0377450697205294,0.020273680478662
5,30,10,R1,L2-C,0.05,0.0841786187229978,0.101052591024466,0.0168739723014682
5,30,10,R1,L2-C,0.1,0.163621818474831,0.169800749687903,0.00617893121307189
5,30,20,R0,L1,0.01,0.0150418058850501,0.0933333333333316,0.0782915274482815
5,30,20,R0,L1,0.05,0.0752090294252506,0.133333333333332,0.058124303908081
5,30,20,R0,L1,0.1,0.150418058850501,0.183333333333332,0.0329152744828304
5,30,20,R0,L2-C,0.01,0.0138624497164875,0.0766666666666653,0.0628042169501778
5,30,20,R0,L2-C,0.05,0.0693122485824376,0.116666666666665,0.0473544180842276
5,30,20,R0,L2-C,0.1,0.138624497164875,0.166666666666665,0.02804216950179
5,30,20,R1,L1,0.01,0.014187948107058,0.0252573352419976,0.0110693871349396
5,30,20,R1,L1,0.05,0.0693848541058767,0.0798245360569581,0.0104396819510813
5,30,20,R1,L1,0.1,0.136453068807067,0.140740021847218,0.00428695304015059
5,30,20,R1,L2-C,0.01,0.0132329210227707,0.0216503126380426,0.00841739161527188
5,30,20,R1,L2-C,0.05,0.0650182249460831,0.0733040732900109,0.00828584834392783
5,30,20,R1,L2-C,0.1,0.12832844767466,0.132036461922219,0.00370801424755834
5,50,5,R0,L1,0.01,0.0902614833313244,0.45909878511129,0.368837301779965
5,50,5,R0,L1,0.05,0.451307416656622,0.49909878511129,0.0477913684546673
5,50,5,R0,L1,0.1,0.54909878511129,0.723026931562469,0.173928146451179
5,50,5,R0,L2-C,0.01,0.0263699906385431,0.207927253058284,0.181557262419741
5,50,5,R0,L2-C,0.05,0.131849953192716,0.247927253058284,0.116077299865568
5,50,5,R0,L2-C,0.1,0.263699906385431,0.297927253058284,0.0342273466728527
5,50,5,R1,L1,0.01,0.0626486385483274,0.174357018669185,0.111708380120857
5,50,5,R1,L1,0.05,0.26295983322064,0.292948717417968,0.0299888841973283
5,50,5,R1,L1,0.1,0.401687941818501,0.451002032675379,0.0493140908568777
5,50,5,R1,L2-C,0.01,0.022814640494792,0.0575787393154265,0.0347640988206345
5,50,5,R1,L2-C,0.05,0.107598862328777,0.132177691820069,0.024578829491292
5,50,5,R1,L2-C,0.1,0.205551546508496,0.212803699138758,0.00725215263026111
5,50,10,R0,L1,0.01,0.0300435489467081,0.234549392555645,0.204505843608937
5,50,10,R0,L1,0.05,0.15021774473354,0.274549392555645,0.124331647822104
5,50,10,R0,L1,0.1,0.300435489467081,0.324549392555645,0.024113903088564
5,50,10,R0,L2-C,0.01,0.0162388394408415,0.108963626529142,0.0927247870883003
5,50,10,R0,L2-C,0.05,0.0811941972042078,0.148963626529142,0.0677694293249341
5,50,10,R0,L2-C,0.1,0.162388394408415,0.198963626529142,0.0365752321207264
5,50,10,R1,L1,0.01,0.0254480790786214,0.0669672944860379,0.0415192154074165
5,50,10,R1,L1,0.05,0.118871983323982,0.146219967616864,0.0273479842928825
5,50,10,R1,L1,0.1,0.225275793547177,0.232230756239442,0.00695496269226537
5,50,10,R1,L2-C,0.01,0.0151441337025703,0.0288924699698135,0.0137483362672433
5,50,10,R1,L2-C,0.05,0.0737271947277422,0.086191946222135,0.0124647514943928
5,50,10,R1,L2-C,0.1,0.144484294768546,0.149369541333385,0.00488524656483902
5,50,20,R0,L1,0.01,0.0173330750147538,0.122274696277822,0.104941621263069
5,50,20,R0,L1,0.05,0.0866653750737688,0.162274696277822,0.0756093212040536
5,50,20,R0,L1,0.1,0.173330750147538,0.212274696277822,0.0389439461302849
5,50,20,R0,L2-C,0.01,0.0127431705006413,0.0594818132645709,0.0467386427639296
5,50,20,R0,L2-C,0.05,0.0637158525032067,0.0994818132645709,0.0357659607613642
5,50,20,R0,L2-C,0.1,0.127431705006413,0.149481813264571,0.0220501082581576
5,50,20,R1,L1,0.01,0.0160074389507042,0.0321808435308803,0.0161734045801761
5,50,20,R1,L1,0.05,0.0776231937577364,0.0918071800962935,0.0141839863385571
5,50,20,R1,L1,0.1,0.151649745520278,0.157078938034554,0.00542919251427637
5,50,20,R1,L2-C,0.01,0.0123136440581378,0.0182220100629318,0.00590836600479402
5,50,20,R1,L2-C,0.05,0.0607860468963172,0.0668717481890926,0.00608570129277539
5,50,20,R1,L2-C,0.1,0.120406726552673,0.123353164543881,0.0029464379912085
5,70,5,R0,L1,0.01,0.599886895890068,0.854029628745966,0.254142732855899
5,70,5,R0,L1,0.05,0.894029628745966,0.919977379178014,0.0259477504320472
5,70,5,R0,L1,0.1,0.944029628745966,0.959988689589007,0.0159590608430404
5,70,5,R0,L2-C,0.01,0.0167520491255611,0.115314891635917,0.0985628425103561
5,70,5,R0,L2-C,0.05,0.0837602456278054,0.155314891635917,0.0715546460081118
5,70,5,R0,L2-C,0.1,0.167520491255611,0.205314891635917,0.0377944003803063
5,70,5,R1,L1,0.01,0.26558577057822,0.485556821902254,0.219971051324034
5,70,5,R1,L1,0.05,0.647416178474724,0.698043116348113,0.0506269378733889
5,70,5,R1,L1,0.1,0.748831916411343,0.835600595069998,0.0867686786586546
5,70,5,R1,L2-C,0.01,0.0155502703541048,0.0304393880072792,0.0148891176531744
5,70,5,R1,L2-C,0.05,0.0755628965604673,0.088849106110474,0.0132862095500067
5,70,5,R1,L2-C,0.1,0.147865193839145,0.153015945656394,0.00515075181724817
5,70,10,R0,L1,0.01,0.0790457667927235,0.432014814372983,0.35296904758026
5,70,10,R0,L1,0.05,0.395228833963618,0.472014814372983,0.0767859804093655
5,70,10,R0,L1,0.1,0.522014814372983,0.683727528818136,0.161712714445153
5,70,10,R0,L2-C,0.01,0.0129429707276039,0.0626574458179586,0.0497144750903547
5,70,10,R0,L2-C,0.05,0.0647148536380194,0.102657445817959,0.0379425921799392
5,70,10,R0,L2-C,0.1,0.129429707276039,0.152657445817959,0.0232277385419198
5,70,10,R1,L1,0.01,0.0563223769906644,0.158730159175995,0.102407782185331
5,70,10,R1,L1,0.05,0.240232288322399,0.272501053750311,0.0322687654279115
5,70,10,R1,L1,0.1,0.377779014265121,0.418812740027127,0.0410337257620058
5,70,10,R1,L2-C,0.01,0.0124787114795731,0.018833290703604,0.00635457922403084
5,70,10,R1,L2-C,0.05,0.0615481351002669,0.0680381497552014,0.00649001465493446
5,70,10,R1,L2-C,0.1,0.121836667845552,0.124935528974129,0.0030988611285767
5,70,20,R0,L1,0.01,0.0281150790133557,0.221007407186492,0.192892328173136
5,70,20,R0,L1,0.05,0.140575395066779,0.261007407186492,0.120432012119713
5,70,20,R0,L1,0.1,0.281150790133557,0.311007407186492,0.0298566170529344
5,70,20,R0,L2-C,0.01,0.0113767177725405,0.0363287229089793,0.0249520051364388
5,70,20,R0,L2-C,0.05,0.0568835888627025,0.0763287229089793,0.0194451340462768
5,70,20,R0,L2-C,0.1,0.113767177725405,0.126328722908979,0.0125615451835743
5,70,20,R1,L1,0.01,0.0240739397742903,0.0621030166442148,0.0380290768699244
5,70,20,R1,L1,0.05,0.113010730288922,0.138988463931372,0.0259777336424501
5,70,20,R1,L1,0.1,0.215057266490326,0.222227757730477,0.0071704912401514
5,70,20,R1,L2-C,0.01,0.0111726785859698,0.0140700445267931,0.00289736594082329
5,70,20,R1,L2-C,0.05,0.0554918348431926,0.0586724740525918,0.00318063920939917
5,70,20,R1,L2-C,0.1,0.110430081920491,0.112121163662056,0.00169108174156435
10,0,5,R0,L1,0.01,0.169188286785579,0.587350269189626,0.418161982404047
10,0,5,R0,L1,0.05,0.627350269189626,0.70447126719022,0.0771209980005936
10,0,5,R0,L1,0.1,0.677350269189626,0.85223563359511,0.174885364405484
10,0,5,R0,L2-C,0.01,0.169188286785579,0.587350269189626,0.418161982404047
10,0,5,R0,L2-C,0.05,0.627350269189626,0.70447126719022,0.0771209980005936
10,0,5,R0,L2-C,0.1,0.677350269189626,0.85223563359511,0.174885364405484
10,0,5,R1,L1,0.01,0.102649256015153,0.25831632475944,0.155667068744287
10,0,5,R1,L1,0.05,0.392077815446277,0.408797219793871,0.0167194043475939
10,0,5,R1,L1,0.1,0.52426217296534,0.605083383676578,0.0808212107112379
10,0,5,R1,L2-C,0.01,0.102649256015153,0.25831632475944,0.155667068744287
10,0,5,R1,L2-C,0.05,0.392077815446277,0.408797219793871,0.0167194043475939
10,0,5,R1,L2-C,0.1,0.52426217296534,0.605083383676578,0.0808212107112379
10,0,10,R0,L1,0.01,0.0411325037878293,0.298675134594813,0.257542630806984
10,0,10,R0,L1,0.05,0.205662518939147,0.338675134594813,0.133012615655666
10,0,10,R0,L1,0.1,0.388675134594813,0.411325037878293,0.0226499032834802
10,0,10,R0,L2-C,0.01,0.0411325037878293,0.298675134594813,0.257542630806984
10,0,10,R0,L2-C,0.05,0.205662518939147,0.338675134594813,0.133012615655666
10,0,10,R0,L2-C,0.1,0.388675134594813,0.411325037878293,0.0226499032834802
10,0,10,R1,L1,0.01,0.0330441278511674,0.0924914957130531,0.0594473678618857
10,0,10,R1,L1,0.05,0.150491598537273,0.182953759584195,0.0324621610469217
10,0,10,R1,L1,0.1,0.270766111540247,0.282833427382102,0.0120673158418551
10,0,10,R1,L2-C,0.01,0.0330441278511674,0.0924914957130531,0.0594473678618857
10,0,10,R1,L2-C,0.05,0.150491598537273,0.182953759584195,0.0324621610469217
10,0,10,R1,L2-C,0.1,0.270766111540247,0.282833427382102,0.0120673158418551
10,0,20,R0,L1,0.01,0.0202811498164747,0.154337567297407,0.134056417480932
10,0,20,R0,L1,0.05,0.101405749082374,0.194337567297407,0.0929318182150328
10,0,20,R0,L1,0.1,0.202811498164747,0.244337567297407,0.0415260691326592
10,0,20,R0,L2-C,0.01,0.0202811498164747,0.154337567297407,0.134056417480932
10,0,20,R0,L2-C,0.05,0.101405749082374,0.194337567297407,0.0929318182150328
10,0,20,R0,L2-C,0.1,0.202811498164747,0.244337567297407,0.0415260691326592
10,0,20,R1,L1,0.01,0.0182870873471734,0.0408290811898598,0.0225419938426864
10,0,20,R1,L1,0.05,0.0878042223195623,0.106060213125431,0.0182559908058683
10,0,20,R1,L1,0.1,0.170198265320207,0.176704258158225,0.00650599283801792
10,0,20,R1,L2-C,0.01,0.0182870873471734,0.0408290811898598,0.0225419938426864
10,0,20,R1,L2-C,0.05,0.0878042223195623,0.106060213125431,0.0182559908058683
10,0,20,R1,L2-C,0.1,0.170198265320207,0.176704258158225,0.00650599283801792
10,30,5,R0,L1,0.01,0.262059457936921,0.676666666666666,0.414607208729745
10,30,5,R0,L1,0.05,0.716666666666666,0.809203604427682,0.0925369377610165
10,30,5,R0,L1,0.1,0.766666666666666,0.904601802213841,0.137935135547175
10,30,5,R0,L2-C,0.01,0.136370323482709,0.543333333333332,0.406963009850623
10,30,5,R0,L2-C,0.05,0.580302432606024,0.633351313371786,0.053048880765762
10,30,5,R0,L2-C,0.1,0.633333333333332,0.816675656685893,0.183342323352561
10,30,5,R1,L1,0.01,0.143051669555217,0.326503126380428,0.183451456825211
10,30,5,R1,L1,0.05,0.483040732900113,0.498543574053066,0.015502841152953
10,30,5,R1,L1,0.1,0.607395905111054,0.699149594328785,0.0917536892177314
10,30,5,R1,L2-C,0.01,0.0868269695390213,0.227646945548787,0.140819976009765
10,30,5,R1,L2-C,0.05,0.343915737791571,0.367508622814448,0.0235928850228773
10,30,5,R1,L2-C,0.1,0.480736139822199,0.553503367666577,0.0727672278443783
10,30,10,R0,L1,0.01,0.0511917432733952,0.343333333333333,0.292141590059938
10,30,10,R0,L1,0.05,0.255958716366976,0.383333333333333,0.127374616966356
10,30,10,R0,L1,0.1,0.433333333333333,0.511639995018636,0.0783066616853035
10,30,10,R0,L2-C,0.01,0.0369283527229024,0.276666666666666,0.239738313943764
10,30,10,R0,L2-C,0.05,0.184641763614512,0.316666666666666,0.132024903052154
10,30,10,R0,L2-C,0.1,0.360249812687273,0.369283527229024,0.00903371454175028
10,30,10,R1,L1,0.01,0.0395680144480132,0.112696007634658,0.0731279931866453
10,30,10,R1,L1,0.05,0.176673106645085,0.210964810894501,0.0342917042494167
10,30,10,R1,L1,0.1,0.304626754055541,0.32180935912039,0.0171826050648491
10,30,10,R1,L2-C,0.01,0.0302203153626329,0.0832679172188379,0.053047601856205
10,30,10,R1,L2-C,0.05,0.138886151096709,0.169882959826712,0.0309968087300031
10,30,10,R1,L2-C,0.1,0.254812514355544,0.264885933531282,0.0100734191757378
10,30,20,R0,L1,0.01,0.0226255924283532,0.176666666666666,0.154041074238313
10,30,20,R0,L1,0.05,0.113127962141766,0.216666666666666,0.1035387045249
10,30,20,R0,L1,0.1,0.226255924283532,0.266666666666666,0.0404107423831346
10,30,20,R0,L2-C,0.01,0.0192167512142148,0.143333333333333,0.124116582119118
10,30,20,R0,L2-C,0.05,0.0960837560710737,0.183333333333333,0.0872495772622594
10,30,20,R0,L2-C,0.1,0.192167512142147,0.233333333333333,0.0411658211911856
10,30,20,R1,L1,0.01,0.0200568798383536,0.0474591149284404,0.0274022350900868
10,30,20,R1,L1,0.05,0.0956067392228611,0.116593516558362,0.0209867773355007
10,30,20,R1,L1,0.1,0.184244190399532,0.191248897951025,0.00700470755149316
10,30,20,R1,L2-C,0.01,0.0174713892418675,0.0377450697205301,0.0202736804786625
10,30,20,R1,L2-C,0.05,0.0841786187229986,0.101052591024467,0.0168739723014686
10,30,20,R1,L2-C,0.1,0.163621818474832,0.169800749687904,0.00617893121307198
10,50,5,R0,L1,0.01,0.693143677441195,0.90819757022258,0.215053892781385
10,50,5,R0,L1,0.05,0.92875673704189,0.94819757022258,0.0194408331806892
10,50,5,R0,L1,0.1,0.966367260742977,0.99819757022258,0.0318303094796026
10,50,5,R0,L2-C,0.01,0.069537640627685,0.405854506116567,0.336316865488882
10,50,5,R0,L2-C,0.05,0.347688203138425,0.445854506116567,0.0981663029781419
10,50,5,R0,L2-C,0.1,0.495854506116567,0.64048248151165,0.144627975395083
10,50,5,R1,L1,0.01,0.316238271494909,0.538834096792972,0.222595825298063
10,50,5,R1,L1,0.05,0.691436223828724,0.746957920528239,0.0555216966995152
10,50,5,R1,L1,0.1,0.785756729019636,0.864966433262966,0.0792097042433293
10,50,5,R1,L2-C,0.01,0.0507867306261935,0.144332676134051,0.0935459455078575
10,50,5,R1,L2-C,0.05,0.219787995327124,0.253530581143337,0.0337425858162125
10,50,5,R1,L2-C,0.1,0.355381911981646,0.388702065156571,0.033320153174925
10,50,10,R0,L1,0.01,0.0902614833313244,0.45909878511129,0.368837301779965
10,50,10,R0,L1,0.05,0.451307416656622,0.49909878511129,0.0477913684546673
10,50,10,R0,L1,0.1,0.54909878511129,0.723026931562469,0.173928146451179
10,50,10,R0,L2-C,0.01,0.0263699906385431,0.207927253058284,0.181557262419741
10,50,10,R0,L2-C,0.05,0.131849953192716,0.247927253058284,0.116077299865568
10,50,10,R0,L2-C,0.1,0.263699906385431,0.297927253058284,0.0342273466728527
10,50,10,R1,L1,0.01,0.0626486385483274,0.174357018669185,0.111708380120857
10,50,10,R1,L1,0.05,0.26295983322064,0.292948717417968,0.0299888841973283
10,50,10,R1,L1,0.1,0.401687941818501,0.451002032675379,0.0493140908568777
10,50,10,R1,L2-C,0.01,0.022814640494792,0.0575787393154265,0.0347640988206345
10,50,10,R1,L2-C,0.05,0.107598862328777,0.132177691820069,0.024578829491292
10,50,10,R1,L2-C,0.1,0.205551546508496,0.212803699138758,0.00725215263026111
10,50,20,R0,L1,0.01,0.0300435489467081,0.234549392555645,0.204505843608937
10,50,20,R0,L1,0.05,0.15021774473354,0.274549392555645,0.124331647822104
10,50,20,R0,L1,0.1,0.300435489467081,0.324549392555645,0.024113903088564
10,50,20,R0,L2-C,0.01,0.0162388394408415,0.108963626529142,0.0927247870883003
10,50,20,R0,L2-C,0.05,0.0811941972042078,0.148963626529142,0.0677694293249341
10,50,20,R0,L2-C,0.1,0.162388394408415,0.198963626529142,0.0365752321207264
10,50,20,R1,L1,0.01,0.0254480790786214,0.0669672944860379,0.0415192154074165
10,50,20,R1,L1,0.05,0.118871983323982,0.146219967616864,0.0273479842928825
10,50,20,R1,L1,0.1,0.225275793547177,0.232230756239442,0.00695496269226537
10,50,20,R1,L2-C,0.01,0.0151441337025703,0.0288924699698135,0.0137483362672433
10,50,20,R1,L2-C,0.05,0.0737271947277422,0.086191946222135,0.0124647514943928
10,50,20,R1,L2-C,0.1,0.144484294768546,0.149369541333385,0.00488524656483902
10,70,5,R0,L1,0.01,0.993596380156781,1,0.00640361984321947
10,70,5,R0,L1,0.05,0.998719276031356,1,0.00128072396864387
10,70,5,R0,L1,0.1,0.999359638015678,1,0.000640361984321935
10,70,5,R0,L2-C,0.01,0.0280631149905212,0.220629783271834,0.192566668281313
10,70,5,R0,L2-C,0.05,0.140315574952606,0.260629783271834,0.120314208319228
10,70,5,R0,L2-C,0.1,0.280631149905212,0.310629783271834,0.0299986333666225
10,70,5,R1,L1,0.01,0.941535454472688,0.985461569452922,0.0439261149802339
10,70,5,R1,L1,0.05,0.988187912679377,1,0.0118120873206231
10,70,5,R1,L1,0.1,0.994458064266386,1,0.00554193573361372
10,70,5,R1,L2-C,0.01,0.0240366635870228,0.0619700024148434,0.0379333388278206
10,70,5,R1,L2-C,0.05,0.112851096097522,0.138789438621233,0.0259383425237111
10,70,5,R1,L2-C,0.1,0.214777848325583,0.221952389298809,0.00717454097322573
10,70,10,R0,L1,0.01,0.599886895890068,0.854029628745966,0.254142732855899
10,70,10,R0,L1,0.05,0.894029628745966,0.919977379178014,0.0259477504320472
10,70,10,R0,L1,0.1,0.944029628745966,0.959988689589007,0.0159590608430404
10,70,10,R0,L2-C,0.01,0.0167520491255611,0.115314891635917,0.0985628425103561
10,70,10,R0,L2-C,0.05,0.0837602456278054,0.155314891635917,0.0715546460081118
10,70,10,R0,L2-C,0.1,0.167520491255611,0.205314891635917,0.0377944003803063
10,70,10,R1,L1,0.01,0.26558577057822,0.485556821902254,0.219971051324034
10,70,10,R1,L1,0.05,0.647416178474724,0.698043116348113,0.0506269378733889
10,70,10,R1,L1,0.1,0.748831916411343,0.835600595069998,0.0867686786586546
10,70,10,R1,L2-C,0.01,0.0155502703541048,0.0304393880072792,0.0148891176531744
10,70,10,R1,L2-C,0.05,0.0755628965604673,0.088849106110474,0.0132862095500067
10,70,10,R1,L2-C,0.1,0.147865193839145,0.153015945656394,0.00515075181724817
10,70,20,R0,L1,0.01,0.0790457667927235,0.432014814372983,0.35296904758026
10,70,20,R0,L1,0.05,0.395228833963618,0.472014814372983,0.0767859804093655
10,70,20,R0,L1,0.1,0.522014814372983,0.683727528818136,0.161712714445153
10,70,20,R0,L2-C,0.01,0.0129429707276039,0.0626574458179586,0.0497144750903547
10,70,20,R0,L2-C,0.05,0.0647148536380194,0.102657445817959,0.0379425921799392
10,70,20,R0,L2-C,0.1,0.129429707276039,0.152657445817959,0.0232277385419198
10,70,20,R1,L1,0.01,0.0563223769906644,0.158730159175995,0.102407782185331
10,70,20,R1,L1,0.05,0.240232288322399,0.272501053750311,0.0322687654279115
10,70,20,R1,L1,0.1,0.377779014265121,0.418812740027127,0.0410337257620058
10,70,20,R1,L2-C,0.01,0.0124787114795731,0.018833290703604,0.00635457922403084
10,70,20,R1,L2-C,0.05,0.0615481351002669,0.0680381497552014,0.00649001465493446
10,70,20,R1,L2-C,0.1,0.121836667845552,0.124935528974129,0.0030988611285767
20,0,5,R0,L1,0.01,0.912662768083845,1,0.0873372319161545
20,0,5,R0,L1,0.05,0.982532553616769,1,0.0174674463832309
20,0,5,R0,L1,0.1,0.991266276808385,1,0.00873372319161547
20,0,5,R0,L2-C,0.01,0.912662768083845,1,0.0873372319161545
20,0,5,R0,L2-C,0.05,0.982532553616769,1,0.0174674463832309
20,0,5,R0,L2-C,0.1,0.991266276808385,1,0.00873372319161547
20,0,5,R1,L1,0.01,0.612919595538456,0.752277806380911,0.139358210842455
20,0,5,R1,L1,0.05,0.860041570455402,0.899050743899336,0.0390091734439342
20,0,5,R1,L1,0.1,0.92076382159743,0.949502011646733,0.028738190049303
20,0,5,R1,L2-C,0.01,0.612919595538456,0.752277806380911,0.139358210842455
20,0,5,R1,L2-C,0.05,0.860041570455402,0.899050743899336,0.0390091734439342
20,0,5,R1,L2-C,0.1,0.92076382159743,0.949502011646733,0.028738190049303
20,0,10,R0,L1,0.01,0.169188286785579,0.587350269189626,0.418161982404047
20,0,10,R0,L1,0.05,0.627350269189626,0.70447126719022,0.0771209980005936
20,0,10,R0,L1,0.1,0.677350269189626,0.85223563359511,0.174885364405484
20,0,10,R0,L2-C,0.01,0.169188286785579,0.587350269189626,0.418161982404047
20,0,10,R0,L2-C,0.05,0.627350269189626,0.70447126719022,0.0771209980005936
20,0,10,R0,L2-C,0.1,0.677350269189626,0.85223563359511,0.174885364405484
20,0,10,R1,L1,0.01,0.102649256015153,0.25831632475944,0.155667068744287
20,0,10,R1,L1,0.05,0.392077815446277,0.408797219793871,0.0167194043475939
20,0,10,R1,L1,0.1,0.52426217296534,0.605083383676578,0.0808212107112379
20,0,10,R1,L2-C,0.01,0.102649256015153,0.25831632475944,0.155667068744287
20,0,10,R1,L2-C,0.05,0.392077815446277,0.408797219793871,0.0167194043475939
20,0,10,R1,L2-C,0.1,0.52426217296534,0.605083383676578,0.0808212107112379
20,0,20,R0,L1,0.01,0.0411325037878293,0.298675134594813,0.257542630806984
20,0,20,R0,L1,0.05,0.205662518939147,0.338675134594813,0.133012615655666
20,0,20,R0,L1,0.1,0.388675134594813,0.411325037878293,0.0226499032834802
20,0,20,R0,L2-C,0.01,0.0411325037878293,0.298675134594813,0.257542630806984
20,0,20,R0,L2-C,0.05,0.205662518939147,0.338675134594813,0.133012615655666
20,0,20,R0,L2-C,0.1,0.388675134594813,0.411325037878293,0.0226499032834802
20,0,20,R1,L1,0.01,0.0330441278511674,0.0924914957130531,0.0594473678618857
20,0,20,R1,L1,0.05,0.150491598537273,0.182953759584195,0.0324621610469217
20,0,20,R1,L1,0.1,0.270766111540247,0.282833427382102,0.0120673158418551
20,0,20,R1,L2-C,0.01,0.0330441278511674,0.0924914957130531,0.0594473678618857
20,0,20,R1,L2-C,0.05,0.150491598537273,0.182953759584195,0.0324621610469217
20,0,20,R1,L2-C,0.1,0.270766111540247,0.282833427382102,0.0120673158418551
20,30,5,R0,L1,0.01,0.963596735436612,1,0.0364032645633885
20,30,5,R0,L1,0.05,0.992719347087322,1,0.00728065291267765
20,30,5,R0,L1,0.1,0.996359673543661,1,0.00364032645633883
20,30,5,R0,L2-C,0.01,0.865568740593806,1,0.134431259406194
20,30,5,R0,L2-C,0.05,0.973113748118761,1,0.0268862518812389
20,30,5,R0,L2-C,0.1,0.986556874059381,1,0.0134431259406195
20,30,5,R1,L1,0.01,0.781382231494311,0.862058681935983,0.0806764504416717
20,30,5,R1,L1,0.05,0.938596288455669,0.949525821587921,0.0109295331322523
20,30,5,R1,L1,0.1,0.97544967995745,0.976396302780543,0.000946622823093213
20,30,5,R1,L2-C,0.01,0.508437926050478,0.686437710265932,0.177999784215453
20,30,5,R1,L2-C,0.05,0.809590359393492,0.859899024351086,0.0503086649575945
20,30,5,R1,L2-C,0.1,0.881843800244404,0.928645981211973,0.0468021809675688
20,30,10,R0,L1,0.01,0.262059457936921,0.676666666666666,0.414607208729745
20,30,10,R0,L1,0.05,0.716666666666666,0.809203604427682,0.0925369377610165
20,30,10,R0,L1,0.1,0.766666666666666,0.904601802213841,0.137935135547175
20,30,10,R0,L2-C,0.01,0.136370323482709,0.543333333333332,0.406963009850623
20,30,10,R0,L2-C,0.05,0.580302432606024,0.633351313371786,0.053048880765762
20,30,10,R0,L2-C,0.1,0.633333333333332,0.816675656685893,0.183342323352561
20,30,10,R1,L1,0.01,0.143051669555217,0.326503126380428,0.183451456825211
20,30,10,R1,L1,0.05,0.483040732900113,0.498543574053066,0.015502841152953
20,30,10,R1,L1,0.1,0.607395905111054,0.699149594328785,0.0917536892177314
20,30,10,R1,L2-C,0.01,0.0868269695390213,0.227646945548787,0.140819976009765
20,30,10,R1,L2-C,0.05,0.343915737791571,0.367508622814448,0.0235928850228773
20,30,10,R1,L2-C,0.1,0.480736139822199,0.553503367666577,0.0727672278443783
20,30,20,R0,L1,0.01,0.0511917432733952,0.343333333333333,0.292141590059938
20,30,20,R0,L1,0.05,0.255958716366976,0.383333333333333,0.127374616966356
20,30,20,R0,L1,0.1,0.433333333333333,0.511639995018636,0.0783066616853035
20,30,20,R0,L2-C,0.01,0.0369283527229024,0.276666666666666,0.239738313943764
20,30,20,R0,L2-C,0.05,0.184641763614512,0.316666666666666,0.132024903052154
20,30,20,R0,L2-C,0.1,0.360249812687273,0.369283527229024,0.00903371454175028
20,30,20,R1,L1,0.01,0.0395680144480132,0.112696007634658,0.0731279931866453
20,30,20,R1,L1,0.05,0.176673106645085,0.210964810894501,0.0342917042494167
20,30,20,R1,L1,0.1,0.304626754055541,0.32180935912039,0.0171826050648491
20,30,20,R1,L2-C,0.01,0.0302203153626329,0.0832679172188379,0.053047601856205
20,30,20,R1,L2-C,0.05,0.138886151096709,0.169882959826712,0.0309968087300031
20,30,20,R1,L2-C,0.1,0.254812514355544,0.264885933531282,0.0100734191757378
20,50,5,R0,L1,0.01,0.996233567892228,1,0.0037664321077725
20,50,5,R0,L1,0.05,0.999246713578446,1,0.000753286421554478
20,50,5,R0,L1,0.1,0.999623356789223,1,0.000376643210777239
20,50,5,R0,L2-C,0.01,0.483548346406507,0.801709012233135,0.318160665826627
20,50,5,R0,L2-C,0.05,0.841709012233135,0.896597723119983,0.0548887108868483
20,50,5,R0,L2-C,0.1,0.891709012233135,0.948298861559992,0.0565898493268568
20,50,5,R1,L1,0.01,0.962018697901772,0.998066605957579,0.0360479080558068
20,50,5,R1,L1,0.05,0.992525544976427,1,0.0074744550235728
20,50,5,R1,L1,0.1,0.996520635168764,1,0.00347936483123623
20,50,5,R1,L2-C,0.01,0.222769538181351,0.435366142280893,0.212596604099543
20,50,5,R1,L2-C,0.05,0.602111604200481,0.644753258288501,0.0426416540880205
20,50,5,R1,L2-C,0.1,0.710380601490102,0.802137236993174,0.0917566355030722
20,50,10,R0,L1,0.01,0.693143677441195,0.90819757022258,0.215053892781385
20,50,10,R0,L1,0.05,0.92875673704189,0.94819757022258,0.0194408331806892
20,50,10,R0,L1,0.1,0.966367260742977,0.99819757022258,0.0318303094796026
20,50,10,R0,L2-C,0.01,0.069537640627685,0.405854506116567,0.336316865488882
20,50,10,R0,L2-C,0.05,0.347688203138425,0.445854506116567,0.0981663029781419
20,50,10,R0,L2-C,0.1,0.495854506116567,0.64048248151165,0.144627975395083
20,50,10,R1,L1,0.01,0.316238271494909,0.538834096792972,0.222595825298063
20,50,10,R1,L1,0.05,0.691436223828724,0.746957920528239,0.0555216966995152
20,50,10,R1,L1,0.1,0.785756729019636,0.864966433262966,0.0792097042433293
20,50,10,R1,L2-C,0.01,0.0507867306261935,0.144332676134051,0.0935459455078575
20,50,10,R1,L2-C,0.05,0.219787995327124,0.253530581143337,0.0337425858162125
20,50,10,R1,L2-C,0.1,0.355381911981646,0.388702065156571,0.033320153174925
20,50,20,R0,L1,0.01,0.0902614833313244,0.45909878511129,0.368837301779965
20,50,20,R0,L1,0.05,0.451307416656622,0.49909878511129,0.0477913684546673
20,50,20,R0,L1,0.1,0.54909878511129,0.723026931562469,0.173928146451179
20,50,20,R0,L2-C,0.01,0.0263699906385431,0.207927253058284,0.181557262419741
20,50,20,R0,L2-C,0.05,0.131849953192716,0.247927253058284,0.116077299865568
20,50,20,R0,L2-C,0.1,0.263699906385431,0.297927253058284,0.0342273466728527
20,50,20,R1,L1,0.01,0.0626486385483274,0.174357018669185,0.111708380120857
20,50,20,R1,L1,0.05,0.26295983322064,0.292948717417968,0.0299888841973283
20,50,20,R1,L1,0.1,0.401687941818501,0.451002032675379,0.0493140908568777
20,50,20,R1,L2-C,0.01,0.022814640494792,0.0575787393154265,0.0347640988206345
20,50,20,R1,L2-C,0.05,0.107598862328777,0.132177691820069,0.024578829491292
20,50,20,R1,L2-C,0.1,0.205551546508496,0.212803699138758,0.00725215263026111
20,70,5,R0,L1,0.01,0.999998359746116,1,1.64025388382782e-06
20,70,5,R0,L1,0.05,0.999999671949223,1,3.28050776765565e-07
20,70,5,R0,L1,0.1,0.999999835974612,1,1.64025388382782e-07
20,70,5,R0,L2-C,0.01,0.0787538422971239,0.431259566543675,0.352505724246551
20,70,5,R0,L2-C,0.05,0.39376921148562,0.471259566543675,0.0774903550580555
20,70,5,R0,L2-C,0.1,0.521259566543675,0.682555171014012,0.161295604470337
20,70,5,R1,L1,0.01,0.999960636216737,1,3.9363783263302e-05
20,70,5,R1,L1,0.05,0.999993398915707,1,6.60108429295647e-06
20,70,5,R1,L1,0.1,0.999997089288723,1,2.9107112771154e-06
20,70,5,R1,L2-C,0.01,0.0561548885490987,0.15830491043083,0.102150021881732
20,70,5,R1,L2-C,0.05,0.23962144583262,0.271943782843611,0.0323223370109905
20,70,5,R1,L2-C,0.1,0.377122816595033,0.417928668024306,0.0408058514292724
20,70,10,R0,L1,0.01,0.993596380156781,1,0.00640361984321858
20,70,10,R0,L1,0.05,0.998719276031356,1,0.00128072396864376
20,70,10,R0,L1,0.1,0.999359638015678,1,0.000640361984321824
20,70,10,R0,L2-C,0.01,0.0280631149905216,0.220629783271838,0.192566668281316
20,70,10,R0,L2-C,0.05,0.140315574952608,0.260629783271838,0.120314208319229
20,70,10,R0,L2-C,0.1,0.280631149905216,0.310629783271838,0.0299986333666213
20,70,10,R1,L1,0.01,0.941535454472694,0.985461569452926,0.0439261149802324
20,70,10,R1,L1,0.05,0.988187912679378,1,0.0118120873206218
20,70,10,R1,L1,0.1,0.994458064266387,1,0.00554193573361317
20,70,10,R1,L2-C,0.01,0.0240366635870231,0.0619700024148445,0.0379333388278214
20,70,10,R1,L2-C,0.05,0.112851096097523,0.138789438621235,0.0259383425237115
20,70,10,R1,L2-C,0.1,0.214777848325586,0.221952389298811,0.00717454097322565
20,70,20,R0,L1,0.01,0.599886895890093,0.854029628745979,0.254142732855886
20,70,20,R0,L1,0.05,0.894029628745979,0.919977379178019,0.0259477504320395
20,70,20,R0,L1,0.1,0.944029628745979,0.959988689589009,0.0159590608430301
20,70,20,R0,L2-C,0.01,0.0167520491255612,0.115314891635919,0.0985628425103576
20,70,20,R0,L2-C,0.05,0.0837602456278061,0.155314891635919,0.0715546460081127
20,70,20,R0,L2-C,0.1,0.167520491255612,0.205314891635919,0.0377944003803067
20,70,20,R1,L1,0.01,0.265585770578232,0.485556821902267,0.219971051324035
20,70,20,R1,L1,0.05,0.647416178474735,0.698043116348125,0.0506269378733906
20,70,20,R1,L1,0.1,0.748831916411352,0.835600595070006,0.0867686786586531
20,70,20,R1,L2-C,0.01,0.0155502703541049,0.0304393880072796,0.0148891176531747
20,70,20,R1,L2-C,0.05,0.0755628965604677,0.0888491061104747,0.0132862095500069
20,70,20,R1,L2-C,0.1,0.147865193839146,0.153015945656395,0.00515075181724819
30,0,5,R0,L1,0.01,0.994837867704941,1,0.00516213229505902
30,0,5,R0,L1,0.05,0.998967573540988,1,0.0010324264590118
30,0,5,R0,L1,0.1,0.999483786770494,1,0.000516213229505902
30,0,5,R0,L2-C,0.01,0.994837867704941,1,0.00516213229505902
30,0,5,R0,L2-C,0.05,0.998967573540988,1,0.0010324264590118
30,0,5,R0,L2-C,0.1,0.999483786770494,1,0.000516213229505902
30,0,5,R1,L1,0.01,0.950869894770036,0.991995353334056,0.0411254585640199
30,0,5,R1,L1,0.05,0.99018470758067,1,0.00981529241932966
30,0,5,R1,L1,0.1,0.995410194361302,1,0.00458980563869826
30,0,5,R1,L2-C,0.01,0.950869894770036,0.991995353334056,0.0411254585640199
30,0,5,R1,L2-C,0.05,0.99018470758067,1,0.00981529241932966
30,0,5,R1,L2-C,0.1,0.995410194361302,1,0.00458980563869826
30,0,10,R0,L1,0.01,0.640760097739024,0.876025403784439,0.235265306045415
30,0,10,R0,L1,0.05,0.912314536750297,0.928152019547805,0.0158374827975082
30,0,10,R0,L1,0.1,0.957142573827111,0.966025403784439,0.0088828299573287
30,0,10,R0,L2-C,0.01,0.640760097739024,0.876025403784439,0.235265306045415
30,0,10,R0,L2-C,0.05,0.912314536750297,0.928152019547805,0.0158374827975082
30,0,10,R0,L2-C,0.1,0.957142573827111,0.966025403784439,0.0088828299573287
30,0,10,R1,L1,0.01,0.285376244425959,0.507419032904338,0.222042788478379
30,0,10,R1,L1,0.05,0.665645060849971,0.71868551593593,0.0530404550859588
30,0,10,R1,L1,0.1,0.764179663948052,0.848139146071895,0.0839594821238432
30,0,10,R1,L2-C,0.01,0.285376244425959,0.507419032904338,0.222042788478379
30,0,10,R1,L2-C,0.05,0.665645060849971,0.71868551593593,0.0530404550859588
30,0,10,R1,L2-C,0.1,0.764179663948052,0.848139146071895,0.0839594821238432
30,0,20,R0,L1,0.01,0.0834214471647681,0.44301270189222,0.359591254727452
30,0,20,R0,L1,0.05,0.417107235823841,0.48301270189222,0.0659054660683789
30,0,20,R0,L1,0.1,0.53301270189222,0.700316874740596,0.167304172848376
30,0,20,R0,L2-C,0.01,0.0834214471647681,0.44301270189222,0.359591254727452
30,0,20,R0,L2-C,0.05,0.417107235823841,0.48301270189222,0.0659054660683789
30,0,20,R0,L2-C,0.1,0.53301270189222,0.700316874740596,0.167304172848376
30,0,20,R1,L1,0.01,0.0588152125432567,0.16498724356958,0.106172031026323
30,0,20,R1,L1,0.05,0.24926778049636,0.280680639376292,0.0314128588799318
30,0,20,R1,L1,0.1,0.387399167310371,0.431775294594259,0.0443761272838883
30,0,20,R1,L2-C,0.01,0.0588152125432567,0.16498724356958,0.106172031026323
30,0,20,R1,L2-C,0.05,0.24926778049636,0.280680639376292,0.0314128588799318
30,0,20,R1,L2-C,0.1,0.387399167310371,0.431775294594259,0.0443761272838883
30,30,5,R0,L1,0.01,0.998610877666848,1,0.00138912233315203
30,30,5,R0,L1,0.05,0.99972217553337,1,0.000277824466630383
30,30,5,R0,L1,0.1,0.999861087766685,1,0.000138912233315192
30,30,5,R0,L2-C,0.01,0.990142191059388,1,0.00985780894061161
30,30,5,R0,L2-C,0.05,0.998028438211878,1,0.0019715617881223
30,30,5,R0,L2-C,0.1,0.999014219105939,1,0.000985780894061206
30,30,5,R1,L1,0.01,0.98350064312036,1,0.0164993568796395
30,30,5,R1,L1,0.05,0.996878069513361,1,0.00312193048663911
30,30,5,R1,L1,0.1,0.99856443244676,1,0.00143556755324015
30,30,5,R1,L2-C,0.01,0.917645077701436,0.966568542494923,0.0489234647934873
30,30,5,R1,L2-C,0.05,0.982937293747743,0.996491106406735,0.0135538126589921
30,30,5,R1,L2-C,0.1,0.991936181274498,1,0.00806381872550177
30,30,10,R0,L1,0.01,0.813645342615753,1,0.186354657384247
30,30,10,R0,L1,0.05,0.962729068523151,1,0.0372709314768493
30,30,10,R0,L1,0.1,0.981364534261575,1,0.0186354657384247
30,30,10,R0,L2-C,0.01,0.503567503566407,0.809999999999998,0.306432496433592
30,30,10,R0,L2-C,0.05,0.849999999999998,0.900713500713281,0.0507135007132828
30,30,10,R0,L2-C,0.1,0.899999999999998,0.950356750356641,0.0503567503566422
30,30,10,R1,L1,0.01,0.427695626751584,0.631421356237308,0.203725729485724
30,30,10,R1,L1,0.05,0.766227766016837,0.821828688309677,0.0556009222928404
30,30,10,R1,L1,0.1,0.847213595499957,0.907776654832656,0.0605630593326989
30,30,10,R1,L2-C,0.01,0.229159973224363,0.443137084989846,0.213977111765483
30,30,10,R1,L2-C,0.05,0.609473319220204,0.653578354640748,0.0441050354205439
30,30,10,R1,L2-C,0.1,0.716656314599948,0.807796233780488,0.09113991918054
30,30,20,R0,L1,0.01,0.115824351900073,0.509999999999999,0.394175648099926
30,30,20,R0,L1,0.05,0.534742609818091,0.568311851698188,0.033569241880097
30,30,20,R0,L1,0.1,0.599999999999999,0.784155925849094,0.184155925849095
30,30,20,R0,L2-C,0.01,0.0709642967026785,0.409999999999999,0.339035703297321
30,30,20,R0,L2-C,0.05,0.354821483513392,0.449999999999999,0.0951785164866071
30,30,20,R0,L2-C,0.1,0.499999999999999,0.647710170302351,0.147710170302352
30,30,20,R1,L1,0.01,0.076375289264954,0.205710678118654,0.1293353888537
30,30,20,R1,L1,0.05,0.310039175850216,0.337203003409099,0.0271638275588827
30,30,20,R1,L1,0.1,0.448606797749978,0.513047660109976,0.0644408623599981
30,30,20,R1,L2-C,0.01,0.0516282939394849,0.146568542494923,0.0949402485554385
30,30,20,R1,L2-C,0.05,0.222930350152098,0.256491106406735,0.0335607562546366
30,30,20,R1,L2-C,0.1,0.358885438199982,0.393399333686824,0.034513895486842
30,50,5,R0,L1,0.01,0.99995376985977,1,4.62301402303078e-05
30,50,5,R0,L1,0.05,0.999990753971954,1,9.24602804608377e-06
30,50,5,R0,L1,0.1,0.999995376985977,1,4.62301402304188e-06
30,50,5,R0,L2-C,0.01,0.925650140020102,1,0.074349859979898
30,50,5,R0,L2-C,0.05,0.98513002800402,1,0.0148699719959796
30,50,5,R0,L2-C,0.1,0.99256501400201,1,0.00743498599798975
30,50,5,R1,L1,0.01,0.99916806025296,1,0.000831939747040322
30,50,5,R1,L1,0.05,0.999854635929976,1,0.000145364070023635
30,50,5,R1,L1,0.1,0.999934930582699,1,6.50694173008892e-05
30,50,5,R1,L2-C,0.01,0.648958443836905,0.774869350733496,0.12591090689659
30,50,5,R1,L2-C,0.05,0.876888455264696,0.910907105459568,0.0340186501948722
30,50,5,R1,L2-C,0.1,0.933306121716008,0.955695370247642,0.0223892485316344
30,50,10,R0,L1,0.01,0.966003625108572,1,0.0339963748914276
30,50,10,R0,L1,0.05,0.993200725021715,1,0.00679927497828547
30,50,10,R0,L1,0.1,0.996600362510857,1,0.00339963748914274
30,50,10,R0,L2-C,0.01,0.183370693237843,0.603781759174851,0.420411065937008
30,50,10,R0,L2-C,0.05,0.643781759174851,0.727328292666992,0.0835465334921405
30,50,10,R0,L2-C,0.1,0.693781759174851,0.863664146333496,0.169882387158645
30,50,10,R1,L1,0.01,0.791655515730653,0.869295210769494,0.0776396950388406
30,50,10,R1,L1,0.05,0.943391991543593,0.952250061884931,0.0088580703413379
30,50,10,R1,L1,0.1,0.976817236199845,0.978886919846842,0.00206968364699722
30,50,10,R1,L2-C,0.01,0.109201495057318,0.270261810455873,0.161060315398555
30,50,10,R1,L2-C,0.05,0.410944373791455,0.424501257918139,0.0135568841266836
30,50,10,R1,L2-C,0.1,0.540155045122352,0.62356265233585,0.0834076072134972
30,50,20,R0,L1,0.01,0.271177529246712,0.683648177666935,0.412470648420223
30,50,20,R0,L1,0.05,0.723648177666935,0.815618941071954,0.0919707634050193
30,50,20,R0,L1,0.1,0.773648177666935,0.907809470535977,0.134161292869042
30,50,20,R0,L2-C,0.01,0.0428218044035796,0.306890879587426,0.264069075183846
30,50,20,R0,L2-C,0.05,0.214109022017898,0.346890879587426,0.132781857569527
30,50,20,R0,L2-C,0.1,0.396890879587426,0.428218044035796,0.0313271644483704
30,50,20,R1,L1,0.01,0.146739351177339,0.332169172549441,0.185429821372102
30,50,20,R1,L1,0.05,0.48992719194192,0.507093196958393,0.0171660050164738
30,50,20,R1,L1,0.1,0.61355798906037,0.705799094664911,0.0922411056045414
30,50,20,R1,L2-C,0.01,0.0341615903825277,0.096058808036839,0.0618972176543113
30,50,20,R1,L2-C,0.05,0.155037586397185,0.187957236793803,0.0329196503966178
30,50,20,R1,L2-C,0.1,0.276845734922535,0.289679795299193,0.012834060376658
30,70,5,R0,L1,0.01,0.999999999579858,1,4.20142476365015e-10
30,70,5,R0,L1,0.05,0.999999999915972,1,8.40284508640821e-11
30,70,5,R0,L1,0.1,0.999999999957986,1,4.20142809431923e-11
30,70,5,R0,L2-C,0.01,0.221007813232963,0.641889349815516,0.420881536582553
30,70,5,R0,L2-C,0.05,0.681889349815516,0.773763654467296,0.0918743046517796
30,70,5,R0,L2-C,0.1,0.731889349815516,0.886881827233648,0.154992477418132
30,70,5,R1,L1,0.01,0.999999983670212,1,1.63297884103741e-08
30,70,5,R1,L1,0.05,0.999999997393326,1,2.60667387674829e-09
30,70,5,R1,L1,0.1,0.99999999887248,1,1.12751985525961e-09
30,70,5,R1,L2-C,0.01,0.125878257578514,0.29900472404796,0.173126466469445
30,70,5,R1,L2-C,0.05,0.449463032667131,0.461344477010456,0.0118814443433255
30,70,5,R1,L2-C,0.1,0.575974307336683,0.664453820362462,0.0884795130257792
30,70,10,R0,L1,0.01,0.99989751311148,1,0.000102486888520437
30,70,10,R0,L1,0.05,0.999979502622296,1,2.04973777040429e-05
30,70,10,R0,L1,0.1,0.999989751311148,1,1.02486888520215e-05
30,70,10,R0,L2-C,0.01,0.0470114680937495,0.325944674907758,0.278933206814009
30,70,10,R0,L2-C,0.05,0.235057340468748,0.365944674907758,0.13088733443901
30,70,10,R0,L2-C,0.1,0.415944674907758,0.470114680937495,0.0541700060297372
30,70,10,R1,L1,0.01,0.998302380887439,1,0.0016976191125605
30,70,10,R1,L1,0.05,0.999699251009768,1,0.000300748990231692
30,70,10,R1,L1,0.1,0.999864717962933,1,0.000135282037067364
30,70,10,R1,L2-C,0.01,0.0368937713367856,0.104591843222695,0.0676980718859099
30,70,10,R1,L2-C,0.05,0.166044395620499,0.199820997532281,0.0337766019117823
30,70,10,R1,L2-C,0.1,0.291205272845848,0.305849996961363,0.014644724115515
30,70,20,R0,L1,0.01,0.949382095924369,1,0.0506179040756315
30,70,20,R0,L1,0.05,0.989876419184874,1,0.0101235808151263
30,70,20,R0,L1,0.1,0.994938209592437,1,0.00506179040756316
30,70,20,R0,L2-C,0.01,0.0216821281459523,0.167972337453879,0.146290209307927
30,70,20,R0,L2-C,0.05,0.108410640729761,0.207972337453879,0.0995616967241177
30,70,20,R0,L2-C,0.1,0.216821281459523,0.257972337453879,0.0411510559943564
30,70,20,R1,L1,0.01,0.726017749387102,0.824451610533757,0.0984338611466546
30,70,20,R1,L1,0.05,0.912751746369863,0.934215095059352,0.0214633486894892
30,70,20,R1,L1,0.1,0.958889523791669,0.967697670809421,0.00880814701775146
30,70,20,R1,L2-C,0.01,0.01934894002695,0.0448182919110266,0.0254693518840766
30,70,20,R1,L2-C,0.05,0.0924959333763845,0.112432869065819,0.0199369356894349
30,70,20,R1,L2-C,0.1,0.178661590593972,0.185500490544934,0.00683889995096212
