validity_index,pfa_target,threshold,N_total,N_valid_dry,N_valid_ice,false_alarm_count,detection_count,mean_dry,std_dry,mean_ice,std_ice,separation,d_prime,coverage_dry_theory,coverage_ice_theory,P_FA_all_theory,P_D_all_theory,physical_invalid_dry,physical_invalid_ice,stress_invalid_dry,stress_invalid_ice,p_valid_stress,H_m,thickness_mm,angle_deg,slant_range_m,sigma0_mm,sigma_eff_mm,sigma_amplification,p,q,stream_id,master_seed,sigma_score_m,theory_method,core_id,family_index,reference_index,N_valid,coverage_dry,coverage_ice,coverage,valid_rate,unknown_rate,P_FA,P_D,P_FA_all,P_D_all,P_FA_theory,P_D_theory,P_FA_CI_low,P_FA_CI_high,P_D_CI_low,P_D_CI_high,P_FA_all_CI_low,P_FA_all_CI_high,P_D_all_CI_low,P_D_all_CI_high,coverage_dry_CI_low,coverage_dry_CI_high,coverage_ice_CI_low,coverage_ice_CI_high,conditional_precision_met,gaussian_range_warning,validity_mode,validity_severity,pilot_or_final_pfa_target,stress_family,stress_severity,reference_mode,model_level,scenario_id
1,0.01,0.0232634787404084,5000,5000,5000,52,3579,-7.86839187419812e-05,0.00991641834820439,0.029211524195811,0.0100249617917525,0.029290208114553,2.93758747078171,1,1,0.01,0.724898688047883,0,0,0,0,1,1.5,10,70,4.38570660024463,10,10,1,0,0,101821,42,0.01,Gaussian (discarded tail <= 1e-12) / Gaussian (discarded tail <= 1e-12),1821,1,1,10000,1,1,1,1,0,0.0104,0.7158,0.0104,0.7158,0.01,0.724898688047883,0.00793996463634238,0.0136117691082576,0.703136276886644,0.728132382953869,0.00793996463634238,0.0136117691082576,0.703136276886644,0.728132382953869,0.999232298054943,1,0.999232298054943,1,1,0,V0,all,0.01,L1,baseline,R0,1,E3_01821_V1
1,0.01,0.0232634787404084,5000,5000,5000,58,442,-4.71300401662956e-05,0.0100839685785148,0.00976926651579232,0.0100429610761151,0.00981639655595861,0.975446960828294,1,1,0.01,0.0923622480736941,0,0,0,0,1,1.5,10,0,1.5,10,10,1,1,1,115501,42,0.01,Gaussian (discarded tail <= 1e-12) / Gaussian (discarded tail <= 1e-12),15501,9,1,10000,1,1,1,1,0,0.0116,0.0884,0.0116,0.0884,0.01,0.0923622480736941,0.00898452345001099,0.0149653678099208,0.0808441727170751,0.096587799524096,0.00898452345001099,0.0149653678099208,0.0808441727170751,0.096587799524096,0.999232298054943,1,0.999232298054943,1,1,0,V0,all,0.01,L2-C,moderate,R0,2,E3_15501_V1
1,0.01,0.0232634787404084,5000,5000,5000,58,474,-9.0064376111797e-05,0.0100559095275798,0.01022105739492,0.0100276283153053,0.0103111217710318,1.02682222907156,1,1,0.01,0.0923622480736941,0,0,0,0,1,1.5,10,0,1.5,10,10,1,0,0,100141,42,0.01,Gaussian (discarded tail <= 1e-12) / Gaussian (discarded tail <= 1e-12),141,1,1,10000,1,1,1,1,0,0.0116,0.0948,0.0116,0.0948,0.01,0.0923622480736941,0.00898452345001099,0.0149653678099208,0.086988539811429,0.103233605844845,0.00898452345001099,0.0149653678099208,0.086988539811429,0.103233605844845,0.999232298054943,1,0.999232298054943,1,1,0,V0,all,0.01,L1,baseline,R0,1,E3_00141_V1
1,0.01,0.186441490083727,5000,5000,5000,53,138,0.00270749256502902,0.0810932833132121,0.0313534324371198,0.081426825089019,0.0286459398720908,0.352521048943995,1,1,0.01,0.0249088249398183,0,0,0,0,1,1.5,10,70,4.38570660024463,10,80.1434265976222,8.01434265976222,1,1,117181,42,0.0801434265976222,Gaussian (discarded tail <= 1e-12) / Gaussian (discarded tail <= 1e-12),17181,9,1,10000,1,1,1,1,0,0.0106,0.0276,0.0106,0.0276,0.01,0.0249088249398183,0.00811345161522002,0.0138379750486019,0.0234090601912026,0.0325162646064874,0.00811345161522002,0.0138379750486019,0.0234090601912026,0.0325162646064874,0.999232298054943,1,0.999232298054943,1,1,0,V0,all,0.01,L2-C,moderate,R0,2,E3_17181_V1
1,0.05,0.0164485362695147,5000,5000,5000,238,1342,-9.0064376111797e-05,0.0100559095275798,0.01022105739492,0.0100276283153053,0.0103111217710318,1.02682222907156,1,1,0.05,0.259511022841444,0,0,0,0,1,1.5,10,0,1.5,10,10,1,0,0,100141,42,0.01,Gaussian (discarded tail <= 1e-12) / Gaussian (discarded tail <= 1e-12),141,1,1,10000,1,1,1,1,0,0.0476,0.2684,0.0476,0.2684,0.05,0.259511022841444,0.0420376715417821,0.0538569451781056,0.256298603046723,0.280856996494227,0.0420376715417821,0.0538569451781056,0.256298603046723,0.280856996494227,0.999232298054943,1,0.999232298054943,1,1,0,V0,all,0.05,L1,baseline,R0,1,E3_00141_V1
1,0.05,0.0164485362695147,5000,5000,5000,245,4497,-7.86839187419812e-05,0.00991641834820439,0.029211524195811,0.0100249617917525,0.029290208114553,2.93758747078171,1,1,0.05,0.899542804294139,0,0,0,0,1,1.5,10,70,4.38570660024463,10,10,1,0,0,101821,42,0.01,Gaussian (discarded tail <= 1e-12) / Gaussian (discarded tail <= 1e-12),1821,1,1,10000,1,1,1,1,0,0.049,0.8994,0.049,0.8994,0.05,0.899542804294139,0.0433550717009474,0.0553373954534942,0.890753391141913,0.907433368544375,0.0433550717009474,0.0553373954534942,0.890753391141913,0.907433368544375,0.999232298054943,1,0.999232298054943,1,1,0,V0,all,0.05,L1,baseline,R0,1,E3_01821_V1
1,0.05,0.0164485362695147,5000,5000,5000,246,1280,7.39894112023124e-05,0.00997863119978711,0.00998160010683364,0.00994204654827902,0.00990761069563133,0.994704508834077,1,1,0.05,0.259511022841444,0,0,0,0,1,1.5,10,0,1.5,10,10,1,0,1,109741,42,0.01,Gaussian (discarded tail <= 1e-12) / Gaussian (discarded tail <= 1e-12),9741,6,1,10000,1,1,1,1,0,0.0492,0.256,0.0492,0.256,0.05,0.259511022841444,0.0435433825554971,0.0555487775181664,0.244093739499606,0.268280899049582,0.0435433825554971,0.0555487775181664,0.244093739499606,0.268280899049582,0.999232298054943,1,0.999232298054943,1,1,0,V0,all,0.05,L2-B,moderate,R0,2,E3_09741_V1
1,0.05,0.0164485362695147,5000,5000,5000,255,1239,-4.71300401662956e-05,0.0100839685785148,0.00976926651579232,0.0100429610761151,0.00981639655595861,0.975446960828294,1,1,0.05,0.259511022841444,0,0,0,0,1,1.5,10,0,1.5,10,10,1,1,1,115501,42,0.01,Gaussian (discarded tail <= 1e-12) / Gaussian (discarded tail <= 1e-12),15501,9,1,10000,1,1,1,1,0,0.051,0.2478,0.051,0.2478,0.05,0.259511022841444,0.0452393871026712,0.0574500092439901,0.236029776692219,0.259957452168868,0.0452393871026712,0.0574500092439901,0.236029776692219,0.259957452168868,0.999232298054943,1,0.999232298054943,1,1,0,V0,all,0.05,L2-C,moderate,R0,2,E3_15501_V1
1,0.05,0.0164485362695147,5000,5000,5000,256,1568,-0.000137115217489581,0.0101945349255821,0.0114918951251261,0.0100361957963416,0.0116290103426157,1.1496029818802,1,1,0.05,0.312012786818453,0,0,0,0,1,1.5,10,30,1.73205080756888,10,10,1,0,0,100861,42,0.01,Gaussian (discarded tail <= 1e-12) / Gaussian (discarded tail <= 1e-12),861,1,1,10000,1,1,1,1,0,0.0512,0.3136,0.0512,0.3136,0.05,0.312012786818453,0.0454279633979573,0.057661125867926,0.300887276432859,0.326598922852258,0.0454279633979573,0.057661125867926,0.300887276432859,0.326598922852258,0.999232298054943,1,0.999232298054943,1,1,0,V0,all,0.05,L1,baseline,R0,1,E3_00861_V1
1,0.05,0.0164485362695147,5000,5000,5000,266,1305,0.00018140839804834,0.0100151030612628,0.00981188901176329,0.0101469908747637,0.00963048061371495,0.955285161228954,1,1,0.05,0.259511022841444,0,0,0,0,1,1.5,10,0,1.5,10,10,1,1,0,103981,42,0.01,Gaussian (discarded tail <= 1e-12) / Gaussian (discarded tail <= 1e-12),3981,3,1,10000,1,1,1,1,0,0.0532,0.261,0.0532,0.261,0.05,0.259511022841444,0.0473151188916038,0.0597708995664993,0.249013548610097,0.273353412919641,0.0473151188916038,0.0597708995664993,0.249013548610097,0.273353412919641,0.999232298054943,1,0.999232298054943,1,1,0,V0,all,0.05,L2-A,moderate,R0,2,E3_03981_V1
1,0.05,0.0178060628305868,5000,5000,5000,280,1403,0.000187304740420645,0.0110106023752761,0.0117300462080511,0.0107321537179655,0.0115427414676305,1.06166807852856,1,1,0.05,0.281568950726486,0,0,0,0,1,1.5,10,30,1.73205080756888,10,10.8253175473055,1.08253175473055,0,1,110461,42,0.0108253175473055,Gaussian (discarded tail <= 1e-12) / Gaussian (discarded tail <= 1e-12),10461,6,1,10000,1,1,1,1,0,0.056,0.2806,0.056,0.2806,0.05,0.281568950726486,0.0499612059948101,0.0627205133324006,0.268318555132173,0.293218312481318,0.0499612059948101,0.0627205133324006,0.268318555132173,0.293218312481318,0.999232298054943,1,0.999232298054943,1,1,0,V0,all,0.05,L2-B,moderate,R0,2,E3_10461_V1
1,0.05,0.0189931336859593,5000,5000,5000,228,1271,-0.000243278413290223,0.0114134268851502,0.0113758905041445,0.0115352484479432,0.0116191689174347,1.0126079210356,1,1,0.05,0.259511022841444,0,0,0,0,1,1.5,10,30,1.73205080756888,10,11.5470053837925,1.15470053837925,1,0,104701,42,0.0115470053837925,Gaussian (discarded tail <= 1e-12) / Gaussian (discarded tail <= 1e-12),4701,3,1,10000,1,1,1,1,0,0.0456,0.2542,0.0456,0.2542,0.05,0.259511022841444,0.0401581122081757,0.0517395753194923,0.242323115589103,0.266454286687087,0.0401581122081757,0.0517395753194923,0.242323115589103,0.266454286687087,0.999232298054943,1,0.999232298054943,1,1,0,V0,all,0.05,L2-A,moderate,R0,2,E3_04701_V1
1,0.05,0.0189931336859593,5000,5000,5000,249,1295,-2.6766527739715e-05,0.0116646482224287,0.0118163659520631,0.0113591366798084,0.0118431324798028,1.02868316552742,1,1,0.05,0.259511022841447,0,0,0,0,1,0.5,10,30,0.577350269189626,10,11.5470053837925,1.15470053837925,1,1,116205,42,0.0115470053837925,Gaussian (discarded tail <= 1e-12) / Gaussian (discarded tail <= 1e-12),16205,9,1,10000,1,1,1,1,0,0.0498,0.259,0.0498,0.259,0.05,0.259511022841447,0.0441084778641927,0.0561827609671367,0.247045377764913,0.271324654572604,0.0441084778641927,0.0561827609671367,0.247045377764913,0.271324654572604,0.999232298054943,1,0.999232298054943,1,1,0,V0,all,0.05,L2-C,moderate,R0,2,E3_16205_V1
1,0.05,0.0189931336859593,5000,5000,5000,293,1259,0.000253891951946778,0.0115919020784379,0.0114700159880922,0.0113493231744436,0.0112161240361454,0.977759203263896,1,1,0.05,0.25951102284145,0,0,0,0,1,1,10,30,1.15470053837925,10,11.5470053837925,1.15470053837925,1,1,116213,42,0.0115470053837925,Gaussian (discarded tail <= 1e-12) / Gaussian (discarded tail <= 1e-12),16213,9,1,10000,1,1,1,1,0,0.0586,0.2518,0.0586,0.2518,0.05,0.25951102284145,0.0524222767424323,0.0654554505346641,0.239962706495223,0.264018380750303,0.0524222767424323,0.0654554505346641,0.239962706495223,0.264018380750303,0.999232298054943,1,0.999232298054943,1,1,0,V0,all,0.05,L2-C,moderate,R0,2,E3_16213_V1
1,0.05,0.0205606703368934,5000,5000,5000,213,2852,-0.000270571495724512,0.0122074762940596,0.0229314152539256,0.0124865317729648,0.0232019867496501,1.87903926796246,1,1,0.05,0.580302432606024,0,0,0,0,1,1.5,20,30,1.73205080756888,10,12.5,1.25,1,1,116261,42,0.0125,Gaussian (discarded tail <= 1e-12) / Gaussian (discarded tail <= 1e-12),16261,9,1,10000,1,1,1,1,0,0.0426,0.5704,0.0426,0.5704,0.05,0.580302432606024,0.0373445246956949,0.0485577690436434,0.556630139786595,0.58406176777954,0.0373445246956949,0.0485577690436434,0.556630139786595,0.58406176777954,0.999232298054943,1,0.999232298054943,1,1,0,V0,all,0.05,L2-C,moderate,R0,2,E3_16261_V1
1,0.05,0.0205606703368934,5000,5000,5000,240,623,-8.7590392377384e-05,0.0123365703163181,0.00615971511748682,0.0124629426901794,0.0062473055098642,0.503818312772906,1,1,0.05,0.118409842534648,0,0,0,0,1,1.5,5,30,1.73205080756888,10,12.5,1.25,1,1,116181,42,0.0125,Gaussian (discarded tail <= 1e-12) / Gaussian (discarded tail <= 1e-12),16181,9,1,10000,1,1,1,1,0,0.048,0.1246,0.048,0.1246,0.05,0.118409842534648,0.042413931418708,0.0542800711396237,0.11573286771573,0.134043522904619,0.042413931418708,0.0542800711396237,0.11573286771573,0.134043522904619,0.999232298054943,1,0.999232298054943,1,1,0,V0,all,0.05,L2-C,moderate,R0,2,E3_16181_V1
1,0.05,0.0205606703368934,5000,5000,5000,241,1142,8.41647581140879e-06,0.0124414921487013,0.0113044285243624,0.0125194818535548,0.0112960120485509,0.90508943364848,1,1,0.05,0.235426088414852,0,0,0,0,1,1.5,10,30,1.73205080756888,10,12.5,1.25,1,1,116221,42,0.0125,Gaussian (discarded tail <= 1e-12) / Gaussian (discarded tail <= 1e-12),16221,9,1,10000,1,1,1,1,0,0.0482,0.2284,0.0482,0.2284,0.05,0.235426088414852,0.0426021037376601,0.0544915917398936,0.216975011804744,0.240242003891811,0.0426021037376601,0.0544915917398936,0.216975011804744,0.240242003891811,0.999232298054943,1,0.999232298054943,1,1,0,V0,all,0.05,L2-C,moderate,R0,2,E3_16221_V1
1,0.05,0.0205606703368934,5000,5000,5000,241,4350,0.000309184449508967,0.0122108573085244,0.0348147731625331,0.0126215505456045,0.0345055887130241,2.77869716126757,1,1,0.05,0.870007728878439,0,0,0,0,1,1.5,30,30,1.73205080756888,10,12.5,1.25,1,1,116301,42,0.0125,Gaussian (discarded tail <= 1e-12) / Gaussian (discarded tail <= 1e-12),16301,9,1,10000,1,1,1,1,0,0.0482,0.87,0.0482,0.87,0.05,0.870007728878439,0.0426021037376601,0.0544915917398936,0.860393516358374,0.879038384202283,0.0426021037376601,0.0544915917398936,0.860393516358374,0.879038384202283,0.999232298054943,1,0.999232298054943,1,1,0,V0,all,0.05,L2-C,moderate,R0,2,E3_16301_V1
1,0.05,0.0205606703368934,5000,5000,5000,259,237,-2.06814872581348e-05,0.0125353239185016,-0.000103526174807297,0.0124241767148845,8.28446875491622e-05,0.00663826311016844,1,1,0.05,0.05,0,0,0,0,1,1.5,0,30,1.73205080756888,10,12.5,1.25,1,1,116101,42,0.0125,Gaussian (discarded tail <= 1e-12) / Gaussian (discarded tail <= 1e-12),16101,9,1,10000,1,1,1,1,0,0.0518,0.0474,0.0518,0.0474,0.05,0.05,0.045993846130679,0.0582943218928702,0.0418495843205747,0.053645339480091,0.045993846130679,0.0582943218928702,0.0418495843205747,0.053645339480091,0.999232298054943,1,0.999232298054943,1,1,0,V0,all,0.05,L2-C,moderate,R0,2,E3_16101_V1
1,0.05,0.0205606703368934,5000,5000,5000,259,343,-7.43662833301138e-05,0.0123905949601118,0.00249304502694423,0.0124351429685083,0.00256741131027434,0.206834309148712,1,1,0.05,0.0721310846133445,0,0,0,0,1,1.5,2,30,1.73205080756888,10,12.5,1.25,1,1,116141,42,0.0125,Gaussian (discarded tail <= 1e-12) / Gaussian (discarded tail <= 1e-12),16141,9,1,10000,1,1,1,1,0,0.0518,0.0686,0.0518,0.0686,0.05,0.0721310846133445,0.045993846130679,0.0582943218928702,0.0619196772693052,0.0759426959688901,0.045993846130679,0.0582943218928702,0.0619196772693052,0.0759426959688901,0.999232298054943,1,0.999232298054943,1,1,0,V0,all,0.05,L2-C,moderate,R0,2,E3_16141_V1
1,0.05,0.0232617430735335,5000,5000,5000,229,1023,-0.000106168373167604,0.0139225107602286,0.0114739481205804,0.0142417174213521,0.011580116493748,0.822275173575198,1,1,0.05,0.203734162463038,0,0,0,0,1,1.5,10,30,1.73205080756888,10,10,1,0,0,100862,42,0.014142135623731,Gaussian (discarded tail <= 1e-12) / Gaussian (discarded tail <= 1e-12),862,1,2,10000,1,1,1,1,0,0.0458,0.2046,0.0458,0.2046,0.05,0.203734162463038,0.0403459347014957,0.0519514457453942,0.193647049605547,0.216006508703592,0.0403459347014957,0.0519514457453942,0.193647049605547,0.216006508703592,0.999232298054943,1,0.999232298054943,1,1,0,V0,all,0.05,L1,baseline,R1,1,E3_00862_V1
1,0.05,0.0274142271158579,5000,5000,5000,263,889,0.000467188985634498,0.0165399400001682,0.0116813543732864,0.0168024111381074,0.0112141653876519,0.672647102482034,1,1,0.05,0.170540045988671,0,0,0,0,1,2,10,30,2.3094010767585,10,16.6666666666667,1.66666666666667,1,1,116229,42,0.0166666666666667,Gaussian (discarded tail <= 1e-12) / Gaussian (discarded tail <= 1e-12),16229,9,1,10000,1,1,1,1,0,0.0526,0.1778,0.0526,0.1778,0.05,0.170540045988671,0.0467487102249782,0.0591382294754589,0.167450686597252,0.188644020536143,0.0467487102249782,0.0591382294754589,0.167450686597252,0.188644020536143,0.999232298054943,1,0.999232298054943,1,1,0,V0,all,0.05,L2-C,moderate,R0,2,E3_16229_V1
1,0.05,0.0290771788419169,5000,5000,5000,239,825,0.000182500352068984,0.017408935869371,0.0116759880903214,0.0176161844286862,0.0114934877382525,0.656288197588502,1,1,0.05,0.160682592467169,0,0,0,0,1,1.5,10,30,1.73205080756888,10,12.5,1.25,1,1,116222,42,0.0176776695296637,Gaussian (discarded tail <= 1e-12) / Gaussian (discarded tail <= 1e-12),16222,9,2,10000,1,1,1,1,0,0.0478,0.165,0.0478,0.165,0.05,0.160682592467169,0.0422257872975776,0.054068522341532,0.154969504169594,0.175544856133594,0.0422257872975776,0.054068522341532,0.154969504169594,0.175544856133594,0.999232298054943,1,0.999232298054943,1,1,0,V0,all,0.05,L2-C,moderate,R1,2,E3_16222_V1
1,0.05,0.0411213406737868,5000,5000,5000,264,585,-4.94246221823288e-05,0.0251886095818628,0.011174328894662,0.0247824476481165,0.0112237535168444,0.449195330950305,1,1,0.05,0.118409842534648,0,0,0,0,1,3,10,30,3.46410161513775,10,25,2.5,1,1,116237,42,0.025,Gaussian (discarded tail <= 1e-12) / Gaussian (discarded tail <= 1e-12),16237,9,1,10000,1,1,1,1,0,0.0528,0.117,0.0528,0.117,0.05,0.118409842534648,0.0469374885167706,0.0593491441028885,0.108383445734164,0.12620461395575,0.0469374885167706,0.0593491441028885,0.108383445734164,0.12620461395575,0.999232298054943,1,0.999232298054943,1,1,0,V0,all,0.05,L2-C,moderate,R0,2,E3_16237_V1
1,0.05,0.0450865338009837,5000,5000,5000,252,1430,0.000104185963110554,0.0274366144613399,0.0292717181976128,0.0273242397122627,0.0291675322345023,1.06526719719607,1,1,0.05,0.281568950726478,0,0,0,0,1,1.5,10,70,4.38570660024463,10,27.4106662515289,2.74106662515289,0,1,111421,42,0.0274106662515289,Gaussian (discarded tail <= 1e-12) / Gaussian (discarded tail <= 1e-12),11421,6,1,10000,1,1,1,1,0,0.0504,0.286,0.0504,0.286,0.05,0.281568950726478,0.0446738140627647,0.0568165035262307,0.273642515234494,0.298686061197991,0.0446738140627647,0.0568165035262307,0.273642515234494,0.298686061197991,0.999232298054943,1,0.999232298054943,1,1,0,V0,all,0.05,L2-B,moderate,R0,2,E3_11421_V1
1,0.05,0.0480923027210493,5000,5000,5000,220,1257,-0.000513230459394276,0.028953519183545,0.028688645817689,0.0293689800071539,0.0292018762770832,1.00136776698566,1,1,0.05,0.259511022841437,0,0,0,0,1,1.5,10,70,4.38570660024463,10,29.2380440016309,2.92380440016309,1,0,105661,42,0.0292380440016309,Gaussian (discarded tail <= 1e-12) / Gaussian (discarded tail <= 1e-12),5661,3,1,10000,1,1,1,1,0,0.044,0.2514,0.044,0.2514,0.05,0.259511022841437,0.0386566403377335,0.0500435038361586,0.239569352238084,0.263612349168998,0.0386566403377335,0.0500435038361586,0.239569352238084,0.263612349168998,0.999232298054943,1,0.999232298054943,1,1,0,V0,all,0.05,L2-A,moderate,R0,2,E3_05661_V1
1,0.05,0.131824205915418,5000,5000,5000,259,550,0.00270749256502902,0.0810932833132121,0.0313534324371198,0.081426825089019,0.0286459398720908,0.352521048943995,1,1,0.05,0.100266916204615,0,0,0,0,1,1.5,10,70,4.38570660024463,10,80.1434265976222,8.01434265976222,1,1,117181,42,0.0801434265976222,Gaussian (discarded tail <= 1e-12) / Gaussian (discarded tail <= 1e-12),17181,9,1,10000,1,1,1,1,0,0.0518,0.11,0.0518,0.11,0.05,0.100266916204615,0.045993846130679,0.0582943218928702,0.101624862673781,0.118973944843364,0.045993846130679,0.0582943218928702,0.101624862673781,0.118973944843364,0.999232298054943,1,0.999232298054943,1,1,0,V0,all,0.05,L2-C,moderate,R0,2,E3_17181_V1
1,0.1,0.012815515655446,5000,5000,5000,482,2001,-9.0064376111797e-05,0.0100559095275798,0.01022105739492,0.0100276283153053,0.0103111217710318,1.02682222907156,1,1,0.1,0.389143691645361,0,0,0,0,1,1.5,10,0,1.5,10,10,1,0,0,100141,42,0.01,Gaussian (discarded tail <= 1e-12) / Gaussian (discarded tail <= 1e-12),141,1,1,10000,1,1,1,1,0,0.0964,0.4002,0.0964,0.4002,0.1,0.389143691645361,0.0885264315462735,0.104893257463777,0.386701454986751,0.413851778321483,0.0885264315462735,0.104893257463777,0.386701454986751,0.413851778321483,0.999232298054943,1,0.999232298054943,1,1,0,V0,all,0.1,L1,baseline,R0,1,E3_00141_V1
1,0.1,0.012815515655446,5000,5000,5000,496,4752,-7.86839187419812e-05,0.00991641834820439,0.029211524195811,0.0100249617917525,0.029290208114553,2.93758747078171,1,1,0.1,0.949731191358618,0,0,0,0,1,1.5,10,70,4.38570660024463,10,10,1,0,0,101821,42,0.01,Gaussian (discarded tail <= 1e-12) / Gaussian (discarded tail <= 1e-12),1821,1,1,10000,1,1,1,1,0,0.0992,0.9504,0.0992,0.9504,0.1,0.949731191358618,0.0912193880764794,0.107796001802678,0.944028539880243,0.95607991420765,0.0912193880764794,0.107796001802678,0.944028539880243,0.95607991420765,0.999232298054943,1,0.999232298054943,1,1,0,V0,all,0.1,L1,baseline,R0,1,E3_01821_V1
1,0.1,0.012815515655446,5000,5000,5000,523,1873,-4.71300401662956e-05,0.0100839685785148,0.00976926651579232,0.0100429610761151,0.00981639655595861,0.975446960828294,1,1,0.1,0.389143691645361,0,0,0,0,1,1.5,10,0,1.5,10,10,1,1,1,115501,42,0.01,Gaussian (discarded tail <= 1e-12) / Gaussian (discarded tail <= 1e-12),15501,9,1,10000,1,1,1,1,0,0.1046,0.3746,0.1046,0.3746,0.1,0.389143691645361,0.0964186088161597,0.113388489881991,0.361284986580874,0.388107553066946,0.0964186088161597,0.113388489881991,0.361284986580874,0.388107553066946,0.999232298054943,1,0.999232298054943,1,1,0,V0,all,0.1,L2-C,moderate,R0,2,E3_15501_V1
1,0.1,0.102707933824291,5000,5000,5000,541,966,0.00270749256502902,0.0810932833132121,0.0313534324371198,0.081426825089019,0.0286459398720908,0.352521048943995,1,1,0.1,0.179642049990591,0,0,0,0,1,1.5,10,70,4.38570660024463,10,80.1434265976222,8.01434265976222,1,1,117181,42,0.0801434265976222,Gaussian (discarded tail <= 1e-12) / Gaussian (discarded tail <= 1e-12),17181,9,1,10000,1,1,1,1,0,0.1082,0.1932,0.1082,0.1932,0.1,0.179642049990591,0.099888692291972,0.117112878952175,0.18249386455866,0.204377197354827,0.099888692291972,0.117112878952175,0.18249386455866,0.204377197354827,0.999232298054943,1,0.999232298054943,1,1,0,V0,all,0.1,L2-C,moderate,R0,2,E3_17181_V1
6,0.05,0.0164485362695147,5000,5000,5000,255,1239,-4.71300401662956e-05,0.0100839685785148,0.00976926651579232,0.0100429610761151,0.00981639655595861,0.975446960828294,1,1,0.05,0.259511022841444,0,0,0,0,1,1.5,10,0,1.5,10,10,1,1,1,115501,42,0.01,Gaussian (discarded tail <= 1e-12) / Gaussian (discarded tail <= 1e-12),15501,9,1,10000,1,1,1,1,0,0.051,0.2478,0.051,0.2478,0.05,0.259511022841444,0.0452393871026712,0.0574500092439901,0.236029776692219,0.259957452168868,0.0452393871026712,0.0574500092439901,0.236029776692219,0.259957452168868,0.999232298054943,1,0.999232298054943,1,1,0,V2,moderate,0.05,L2-C,moderate,R0,2,E3_15501_V6
6,0.05,0.0205606703368934,5000,4553,4545,222,1033,5.55644523349682e-05,0.0124374433216732,0.0113322793737247,0.0124247318734999,0.0112767149213897,0.907138121180285,0.909152456484256,0.909152456484256,0.0454576228242128,0.214038206602842,0,0,447,455,0.909152456484256,1.5,10,30,1.73205080756888,10,12.5,1.25,1,1,116221,42,0.0125,Gaussian (discarded tail <= 1e-12) / Gaussian (discarded tail <= 1e-12),16221,9,1,9098,0.9106,0.909,0.9098,0.9098,0.0901999999999999,0.0487590599604656,0.227282728272827,0.0444,0.2066,0.05,0.235426088414852,0.0428748909952059,0.0554040293639402,0.215332430683898,0.239693640802293,0.0390318208814263,0.0504677091309097,0.195605185615266,0.218045301886093,0.902373007682798,0.918196555479921,0.900710915737424,0.916661104071519,1,0,V2,moderate,0.05,L2-C,moderate,R0,2,E3_16221_V6
6,0.05,0.131824205915418,5000,663,669,37,70,0.0073540121675487,0.0798227096957244,0.0318168912747562,0.0776451020233253,0.0244628791072075,0.310673528151729,0.133232907696458,0.133232907696458,0.00666164538482288,0.0133588527916979,0,0,4337,4331,0.133232907696458,1.5,10,70,4.38570660024463,10,80.1434265976222,8.01434265976222,1,1,117181,42,0.0801434265976222,Gaussian (discarded tail <= 1e-12) / Gaussian (discarded tail <= 1e-12),17181,9,1,1332,0.1326,0.1338,0.1332,0.1332,0.8668,0.0558069381598793,0.104633781763827,0.0074,0.014,0.05,0.100266916204615,0.040756351093716,0.0759752314901809,0.0836536892312711,0.130128408965841,0.00537359775687122,0.0101827421993991,0.0110964335546006,0.0176497727359949,0.123481069004181,0.142283038385047,0.124644299419154,0.143517965485406,0,0,V2,moderate,0.05,L2-C,moderate,R0,2,E3_17181_V6
