H_m,thickness_mm,angle_deg,D_A_m,D_I_m,delta_m
0.5,0,0,0.5,0.5,0
1,0,0,1,1,0
1.5,0,0,1.5,1.5,0
2,0,0,2,2,0
3,0,0,3,3,0
0.5,2,0,0.5,0.498,0.002
1,2,0,1,0.998,0.002
1.5,2,0,1.5,1.498,0.002
2,2,0,2,1.998,0.002
3,2,0,3,2.998,0.00199999999999978
0.5,5,0,0.5,0.495,0.005
1,5,0,1,0.995,0.005
1.5,5,0,1.5,1.495,0.00499999999999989
2,5,0,2,1.995,0.00499999999999989
3,5,0,3,2.995,0.00499999999999989
0.5,10,0,0.5,0.49,0.01
1,10,0,1,0.99,0.01
1.5,10,0,1.5,1.49,0.01
2,10,0,2,1.99,0.01
3,10,0,3,2.99,0.00999999999999979
0.5,20,0,0.5,0.48,0.02
1,20,0,1,0.98,0.02
1.5,20,0,1.5,1.48,0.02
2,20,0,2,1.98,0.02
3,20,0,3,2.98,0.02
0.5,30,0,0.5,0.47,0.03
1,30,0,1,0.97,0.03
1.5,30,0,1.5,1.47,0.03
2,30,0,2,1.97,0.03
3,30,0,3,2.97,0.0299999999999998
0.5,0,10,0.507713305942873,0.507713305942873,0
1,0,10,1.01542661188575,1.01542661188575,0
1.5,0,10,1.52313991782862,1.52313991782862,0
2,0,10,2.03085322377149,2.03085322377149,0
3,0,10,3.04627983565724,3.04627983565724,0
0.5,2,10,0.507713305942873,0.505682452719101,0.0020308532237715
1,2,10,1.01542661188575,1.01339575866197,0.00203085322377161
1.5,2,10,1.52313991782862,1.52110906460485,0.00203085322377161
2,2,10,2.03085322377149,2.02882237054772,0.00203085322377161
3,2,10,3.04627983565724,3.04424898243346,0.00203085322377117
0.5,5,10,0.507713305942873,0.502636172883444,0.00507713305942881
1,5,10,1.01542661188575,1.01034947882632,0.00507713305942881
1.5,5,10,1.52313991782862,1.51806278476919,0.00507713305942858
2,5,10,2.03085322377149,2.02577609071206,0.00507713305942881
3,5,10,3.04627983565724,3.04120270259781,0.00507713305942881
0.5,10,10,0.507713305942873,0.497559039824015,0.0101542661188575
1,10,10,1.01542661188575,1.00527234576689,0.0101542661188576
1.5,10,10,1.52313991782862,1.51298565170976,0.0101542661188574
2,10,10,2.03085322377149,2.02069895765263,0.0101542661188576
3,10,10,3.04627983565724,3.03612556953838,0.0101542661188572
0.5,20,10,0.507713305942873,0.487404773705158,0.0203085322377149
1,20,10,1.01542661188575,0.99511807964803,0.020308532237715
1.5,20,10,1.52313991782862,1.5028313855909,0.020308532237715
2,20,10,2.03085322377149,2.01054469153378,0.0203085322377152
3,20,10,3.04627983565724,3.02597130341952,0.0203085322377148
0.5,30,10,0.507713305942873,0.4772505075863,0.0304627983565725
1,30,10,1.01542661188575,0.984963813529173,0.0304627983565725
1.5,30,10,1.52313991782862,1.49267711947205,0.0304627983565724
2,30,10,2.03085322377149,2.00039042541492,0.0304627983565724
3,30,10,3.04627983565724,3.01581703730066,0.0304627983565724
0.5,0,20,0.532088886237956,0.532088886237956,0
1,0,20,1.06417777247591,1.06417777247591,0
1.5,0,20,1.59626665871387,1.59626665871387,0
2,0,20,2.12835554495182,2.12835554495182,0
3,0,20,3.19253331742774,3.19253331742774,0
0.5,2,20,0.532088886237956,0.529960530693004,0.00212835554495183
1,2,20,1.06417777247591,1.06204941693096,0.00212835554495183
1.5,2,20,1.59626665871387,1.59413830316892,0.00212835554495183
2,2,20,2.12835554495182,2.12622718940687,0.00212835554495161
3,2,20,3.19253331742774,3.19040496188278,0.00212835554495161
0.5,5,20,0.532088886237956,0.526767997375576,0.00532088886237958
1,5,20,1.06417777247591,1.05885688361353,0.00532088886237947
1.5,5,20,1.59626665871387,1.59094576985149,0.00532088886237947
2,5,20,2.12835554495182,2.12303465608944,0.00532088886237947
3,5,20,3.19253331742774,3.18721242856536,0.00532088886237947
0.5,10,20,0.532088886237956,0.521447108513197,0.0106417777247592
1,10,20,1.06417777247591,1.05353599475115,0.0106417777247592
1.5,10,20,1.59626665871387,1.58562488098911,0.0106417777247592
2,10,20,2.12835554495182,2.11771376722707,0.0106417777247589
3,10,20,3.19253331742774,3.18189153970298,0.0106417777247589
0.5,20,20,0.532088886237956,0.510805330788438,0.0212835554495182
1,20,20,1.06417777247591,1.04289421702639,0.0212835554495183
1.5,20,20,1.59626665871387,1.57498310326435,0.0212835554495181
2,20,20,2.12835554495182,2.10707198950231,0.0212835554495183
3,20,20,3.19253331742774,3.17124976197822,0.0212835554495183
0.5,30,20,0.532088886237956,0.500163553063679,0.0319253331742774
1,30,20,1.06417777247591,1.03225243930163,0.0319253331742773
1.5,30,20,1.59626665871387,1.56434132553959,0.0319253331742773
2,30,20,2.12835554495182,2.09643021177755,0.0319253331742773
3,30,20,3.19253331742774,3.16060798425346,0.0319253331742773
0.5,0,30,0.577350269189626,0.577350269189626,0
1,0,30,1.15470053837925,1.15470053837925,0
1.5,0,30,1.73205080756888,1.73205080756888,0
2,0,30,2.3094010767585,2.3094010767585,0
3,0,30,3.46410161513775,3.46410161513775,0
0.5,2,30,0.577350269189626,0.575040868112867,0.00230940107675848
1,2,30,1.15470053837925,1.15239113730249,0.00230940107675859
1.5,2,30,1.73205080756888,1.72974140649212,0.00230940107675859
2,2,30,2.3094010767585,2.30709167568174,0.00230940107675837
3,2,30,3.46410161513775,3.461792214061,0.00230940107675837
0.5,5,30,0.577350269189626,0.571576766497729,0.00577350269189625
1,5,30,1.15470053837925,1.14892703568736,0.00577350269189636
1.5,5,30,1.73205080756888,1.72627730487698,0.00577350269189614
2,5,30,2.3094010767585,2.30362757406661,0.00577350269189614
3,5,30,3.46410161513775,3.45832811244586,0.00577350269189614
0.5,10,30,0.577350269189626,0.565803263805833,0.0115470053837925
1,10,30,1.15470053837925,1.14315353299546,0.0115470053837925
1.5,10,30,1.73205080756888,1.72050380218508,0.0115470053837925
2,10,30,2.3094010767585,2.29785407137471,0.0115470053837927
3,10,30,3.46410161513775,3.45255460975396,0.0115470053837923
0.5,20,30,0.577350269189626,0.554256258422041,0.0230940107675851
1,20,30,1.15470053837925,1.13160652761167,0.023094010767585
1.5,20,30,1.73205080756888,1.70895679680129,0.023094010767585
2,20,30,2.3094010767585,2.28630706599092,0.023094010767585
3,20,30,3.46410161513775,3.44100760437017,0.023094010767585
0.5,30,30,0.577350269189626,0.542709253038248,0.0346410161513776
1,30,30,1.15470053837925,1.12005952222787,0.0346410161513775
1.5,30,30,1.73205080756888,1.6974097914175,0.0346410161513775
2,30,30,2.3094010767585,2.27476006060713,0.0346410161513777
3,30,30,3.46410161513775,3.42946059898638,0.0346410161513773
0.5,0,40,0.652703644666139,0.652703644666139,0
1,0,40,1.30540728933228,1.30540728933228,0
1.5,0,40,1.95811093399842,1.95811093399842,0
2,0,40,2.61081457866456,2.61081457866456,0
3,0,40,3.91622186799684,3.91622186799684,0
0.5,2,40,0.652703644666139,0.650092830087475,0.00261081457866452
1,2,40,1.30540728933228,1.30279647475361,0.00261081457866452
1.5,2,40,1.95811093399842,1.95550011941975,0.00261081457866452
2,2,40,2.61081457866456,2.60820376408589,0.0026108145786643
3,2,40,3.91622186799684,3.91361105341817,0.0026108145786643
0.5,5,40,0.652703644666139,0.646176608219478,0.00652703644666131
1,5,40,1.30540728933228,1.29888025288562,0.00652703644666142
1.5,5,40,1.95811093399842,1.95158389755176,0.00652703644666119
2,5,40,2.61081457866456,2.6042875422179,0.00652703644666097
3,5,40,3.91622186799684,3.90969483155017,0.00652703644666142
0.5,10,40,0.652703644666139,0.639649571772817,0.0130540728933227
1,10,40,1.30540728933228,1.29235321643896,0.0130540728933226
1.5,10,40,1.95811093399842,1.9450568611051,0.0130540728933228
2,10,40,2.61081457866456,2.59776050577123,0.0130540728933228
3,10,40,3.91622186799684,3.90316779510351,0.0130540728933224
0.5,20,40,0.652703644666139,0.626595498879494,0.0261081457866456
1,20,40,1.30540728933228,1.27929914354563,0.0261081457866454
1.5,20,40,1.95811093399842,1.93200278821177,0.0261081457866457
2,20,40,2.61081457866456,2.58470643287791,0.0261081457866452
3,20,40,3.91622186799684,3.89011372221019,0.0261081457866457
0.5,30,40,0.652703644666139,0.613541425986171,0.0391622186799684
1,30,40,1.30540728933228,1.26624507065231,0.0391622186799683
1.5,30,40,1.95811093399842,1.91894871531845,0.0391622186799685
2,30,40,2.61081457866456,2.57165235998459,0.0391622186799681
3,30,40,3.91622186799684,3.87705964931687,0.0391622186799681
0.5,0,50,0.777861913430206,0.777861913430206,0
1,0,50,1.55572382686041,1.55572382686041,0
1.5,0,50,2.33358574029062,2.33358574029062,0
2,0,50,3.11144765372082,3.11144765372082,0
3,0,50,4.66717148058124,4.66717148058124,0
0.5,2,50,0.777861913430206,0.774750465776485,0.00311144765372084
1,2,50,1.55572382686041,1.55261237920669,0.00311144765372084
1.5,2,50,2.33358574029062,2.3304742926369,0.00311144765372084
2,2,50,3.11144765372082,3.1083362060671,0.00311144765372084
3,2,50,4.66717148058124,4.66406003292752,0.00311144765372084
0.5,5,50,0.777861913430206,0.770083294295904,0.00777861913430211
1,5,50,1.55572382686041,1.54794520772611,0.00777861913430211
1.5,5,50,2.33358574029062,2.32580712115632,0.00777861913430211
2,5,50,3.11144765372082,3.10366903458652,0.00777861913430211
3,5,50,4.66717148058124,4.65939286144693,0.00777861913430211
0.5,10,50,0.777861913430206,0.762304675161602,0.0155572382686042
1,10,50,1.55572382686041,1.54016658859181,0.0155572382686042
1.5,10,50,2.33358574029062,2.31802850202201,0.0155572382686042
2,10,50,3.11144765372082,3.09589041545222,0.0155572382686042
3,10,50,4.66717148058124,4.65161424231263,0.0155572382686042
0.5,20,50,0.777861913430206,0.746747436892998,0.0311144765372083
1,20,50,1.55572382686041,1.5246093503232,0.0311144765372084
1.5,20,50,2.33358574029062,2.30247126375341,0.0311144765372084
2,20,50,3.11144765372082,3.08033317718362,0.0311144765372084
3,20,50,4.66717148058124,4.63605700404403,0.0311144765372084
0.5,30,50,0.777861913430206,0.731190198624394,0.0466717148058124
1,30,50,1.55572382686041,1.5090521120546,0.0466717148058124
1.5,30,50,2.33358574029062,2.28691402548481,0.0466717148058122
2,30,50,3.11144765372082,3.06477593891501,0.0466717148058127
3,30,50,4.66717148058124,4.62049976577542,0.0466717148058118
0.5,0,60,1,1,0
1,0,60,2,2,0
1.5,0,60,3,3,0
2,0,60,4,4,0
3,0,60,6,6,0
0.5,2,60,1,0.996,0.004
1,2,60,2,1.996,0.004
1.5,2,60,3,2.996,0.004
2,2,60,4,3.996,0.004
3,2,60,6,5.996,0.00399999999999956
0.5,5,60,1,0.99,0.01
1,5,60,2,1.99,0.01
1.5,5,60,3,2.99,0.00999999999999979
2,5,60,4,3.99,0.00999999999999979
3,5,60,6,5.99,0.00999999999999979
0.5,10,60,1,0.98,0.02
1,10,60,2,1.98,0.02
1.5,10,60,3,2.98,0.02
2,10,60,4,3.98,0.02
3,10,60,6,5.98,0.0199999999999996
0.5,20,60,1,0.96,0.04
1,20,60,2,1.96,0.04
1.5,20,60,3,2.96,0.04
2,20,60,4,3.96,0.04
3,20,60,6,5.96,0.04
0.5,30,60,1,0.94,0.0600000000000001
1,30,60,2,1.94,0.0600000000000001
1.5,30,60,3,2.94,0.0600000000000001
2,30,60,4,3.94,0.0600000000000001
3,30,60,6,5.94,0.0599999999999996
0.5,0,70,1.46190220008154,1.46190220008154,0
1,0,70,2.92380440016309,2.92380440016309,0
1.5,0,70,4.38570660024463,4.38570660024463,0
2,0,70,5.84760880032617,5.84760880032617,0
3,0,70,8.77141320048926,8.77141320048926,0
0.5,2,70,1.46190220008154,1.45605459128122,0.00584760880032609
1,2,70,2.92380440016309,2.91795679136276,0.00584760880032587
1.5,2,70,4.38570660024463,4.3798589914443,0.00584760880032675
2,2,70,5.84760880032617,5.84176119152585,0.00584760880032587
3,2,70,8.77141320048926,8.76556559168893,0.00584760880032675
0.5,5,70,1.46190220008154,1.44728317808073,0.0146190220008153
1,5,70,2.92380440016309,2.90918537816227,0.0146190220008151
1.5,5,70,4.38570660024463,4.37108757824381,0.0146190220008151
2,5,70,5.84760880032617,5.83298977832536,0.0146190220008151
3,5,70,8.77141320048926,8.75679417848844,0.0146190220008151
0.5,10,70,1.46190220008154,1.43266415607991,0.0292380440016309
1,10,70,2.92380440016309,2.89456635616146,0.0292380440016307
1.5,10,70,4.38570660024463,4.356468556243,0.0292380440016311
2,10,70,5.84760880032617,5.81837075632454,0.0292380440016302
3,10,70,8.77141320048926,8.74217515648763,0.0292380440016302
0.5,20,70,1.46190220008154,1.40342611207828,0.0584760880032618
1,20,70,2.92380440016309,2.86532831215982,0.0584760880032618
1.5,20,70,4.38570660024463,4.32723051224137,0.0584760880032622
2,20,70,5.84760880032617,5.78913271232291,0.0584760880032613
3,20,70,8.77141320048926,8.712937112486,0.0584760880032622
0.5,30,70,1.46190220008154,1.37418806807665,0.0877141320048926
1,30,70,2.92380440016309,2.83609026815819,0.0877141320048924
1.5,30,70,4.38570660024463,4.29799246823974,0.0877141320048924
2,30,70,5.84760880032617,5.75989466832128,0.0877141320048924
3,30,70,8.77141320048926,8.68369906848437,0.0877141320048924
