scenario_id,reference_mode,H_m,thickness_mm,angle_deg,sigma_mm,master_seed,stream_id,geometry_source,N,mean_dry,std_dry,mean_ice,std_ice,separation,d_prime,sigma_score_theory_m,separation_theory_m,d_prime_theory,pfa_target,threshold,false_alarm_count,detection_count,P_FA_mc,P_D_mc,P_FA_theory,P_D_theory,pfa_ci_low,pfa_ci_high,ci_low,ci_high,pfa_theory_in_ci,pd_theory_in_ci,invalid_count
L1_221_R0,R0,1.6,10,30,10,42,221,Simulink standard-block model,100,-0.00115826427422643,0.0111948426512116,0.0110869588205433,0.00921436175960841,0.0122452230947698,1.19436047829847,0.01,0.0115470053837925,1.15470053837925,0.01,0.0232634787404084,2,11,0.02,0.11,0.01,0.12066933755221,0.00550196755016235,0.0700117907285439,0.0625419635706457,0.186312965030803,1,1,0
L1_221_R0,R0,1.6,10,30,10,42,221,Simulink standard-block model,100,-0.00115826427422643,0.0111948426512116,0.0110869588205433,0.00921436175960841,0.0122452230947698,1.19436047829847,0.01,0.0115470053837925,1.15470053837925,0.05,0.0164485362695147,6,26,0.06,0.26,0.05,0.312012786818454,0.0277861239631882,0.124768154458959,0.184046984647481,0.353709894491872,1,1,0
L1_221_R0,R0,1.6,10,30,10,42,221,Simulink standard-block model,100,-0.00115826427422643,0.0111948426512116,0.0110869588205433,0.00921436175960841,0.0122452230947698,1.19436047829847,0.01,0.0115470053837925,1.15470053837925,0.1,0.012815515655446,9,40,0.09,0.4,0.1,0.449529154036291,0.0480725400025651,0.162262128527163,0.309401286432459,0.497997413208938,1,1,0
L1_221_R0,R0,1.6,10,30,10,42,221,Simulink standard-block model,500,-0.00018506864305273,0.00982008361669252,0.0113612384197062,0.00944424708651363,0.0115463070627589,1.19849586237378,0.01,0.0115470053837925,1.15470053837925,0.01,0.0232634787404084,5,49,0.01,0.098,0.01,0.12066933755221,0.0042787538965905,0.0231930997557307,0.0749239188646062,0.127206050866482,1,1,0
L1_221_R0,R0,1.6,10,30,10,42,221,Simulink standard-block model,500,-0.00018506864305273,0.00982008361669252,0.0113612384197062,0.00944424708651363,0.0115463070627589,1.19849586237378,0.01,0.0115470053837925,1.15470053837925,0.05,0.0164485362695147,22,137,0.044,0.274,0.05,0.312012786818454,0.0292339556286072,0.0657194428723285,0.236740625665821,0.314705576222801,1,1,0
L1_221_R0,R0,1.6,10,30,10,42,221,Simulink standard-block model,500,-0.00018506864305273,0.00982008361669252,0.0113612384197062,0.00944424708651363,0.0115463070627589,1.19849586237378,0.01,0.0115470053837925,1.15470053837925,0.1,0.012815515655446,44,218,0.088,0.436,0.1,0.449529154036291,0.0662059844749289,0.11607647206539,0.393185603123056,0.479790312456023,1,1,0
L1_221_R0,R0,1.6,10,30,10,42,221,Simulink standard-block model,1000,-0.000470768335022868,0.00951572043810646,0.0112596689211631,0.00938846802304665,0.0117304372561859,1.24101296629027,0.01,0.0115470053837925,1.15470053837925,0.01,0.0232634787404084,7,94,0.007,0.094,0.01,0.12066933755221,0.00339486840099076,0.0143783154657666,0.0774341735737637,0.113673154316507,1,0,0
L1_221_R0,R0,1.6,10,30,10,42,221,Simulink standard-block model,1000,-0.000470768335022868,0.00951572043810646,0.0112596689211631,0.00938846802304665,0.0117304372561859,1.24101296629027,0.01,0.0115470053837925,1.15470053837925,0.05,0.0164485362695147,41,274,0.041,0.274,0.05,0.312012786818454,0.0303649710820983,0.0551479932076413,0.247260824775437,0.302468870060034,1,0,0
L1_221_R0,R0,1.6,10,30,10,42,221,Simulink standard-block model,1000,-0.000470768335022868,0.00951572043810646,0.0112596689211631,0.00938846802304665,0.0117304372561859,1.24101296629027,0.01,0.0115470053837925,1.15470053837925,0.1,0.012815515655446,83,438,0.083,0.438,0.1,0.449529154036291,0.0674550214428993,0.101736495134054,0.407544656438253,0.468929861613956,1,1,0
L1_221_R0,R0,1.6,10,30,10,42,221,Simulink standard-block model,5000,-3.24776137592755e-05,0.0100170699092455,0.011369168396703,0.00988218230974293,0.0114016460104623,1.14591080611822,0.01,0.0115470053837925,1.15470053837925,0.01,0.0232634787404084,46,582,0.0092,0.1164,0.01,0.12066933755221,0.00690473854824771,0.0122488376810204,0.107803727388987,0.125585253543261,1,1,0
L1_221_R0,R0,1.6,10,30,10,42,221,Simulink standard-block model,5000,-3.24776137592755e-05,0.0100170699092455,0.011369168396703,0.00988218230974293,0.0114016460104623,1.14591080611822,0.01,0.0115470053837925,1.15470053837925,0.05,0.0164485362695147,261,1508,0.0522,0.3016,0.05,0.312012786818454,0.0463712280942276,0.0587163257677656,0.289035002155574,0.314469621976225,1,1,0
L1_221_R0,R0,1.6,10,30,10,42,221,Simulink standard-block model,5000,-3.24776137592755e-05,0.0100170699092455,0.011369168396703,0.00988218230974293,0.0114016460104623,1.14591080611822,0.01,0.0115470053837925,1.15470053837925,0.1,0.012815515655446,496,2211,0.0992,0.4422,0.1,0.449529154036291,0.0912193880764794,0.107796001802678,0.428483461651868,0.456005284692981,1,1,0
L1_222_R1,R1,1.6,10,30,10,42,222,Simulink standard-block model,100,-7.64654214092464e-05,0.0136575609104822,0.00900794728861592,0.0141379636826879,0.00908441271002517,0.653562493134846,0.014142135623731,0.0115470053837925,0.816496580927726,0.01,0.0328995271426637,0,2,0,0.02,0.01,0.0655406866825139,3.46944695195361e-18,0.0369934982069857,0.00550196755016235,0.0700117907285439,1,1,0
L1_222_R1,R1,1.6,10,30,10,42,222,Simulink standard-block model,100,-7.64654214092464e-05,0.0136575609104822,0.00900794728861592,0.0141379636826879,0.00908441271002517,0.653562493134846,0.014142135623731,0.0115470053837925,0.816496580927726,0.05,0.0232617430735335,2,11,0.02,0.11,0.05,0.203734162463038,0.00550196755016235,0.0700117907285439,0.0625419635706457,0.186312965030803,1,0,0
L1_222_R1,R1,1.6,10,30,10,42,222,Simulink standard-block model,100,-7.64654214092464e-05,0.0136575609104822,0.00900794728861592,0.0141379636826879,0.00908441271002517,0.653562493134846,0.014142135623731,0.0115470053837925,0.816496580927726,0.1,0.0181238760487365,8,26,0.08,0.26,0.1,0.320946040684534,0.0410934614843806,0.149981077009487,0.184046984647481,0.353709894491872,1,1,0
L1_222_R1,R1,1.6,10,30,10,42,222,Simulink standard-block model,500,-0.000640159121993705,0.0132842231160957,0.0120510995918716,0.0144188449127661,0.0126912587138653,0.915467389596615,0.014142135623731,0.0115470053837925,0.816496580927726,0.01,0.0328995271426637,3,32,0.006,0.064,0.01,0.0655406866825139,0.00204259627196024,0.0174902521040534,0.0456960160447894,0.0889524088376842,1,1,0
L1_222_R1,R1,1.6,10,30,10,42,222,Simulink standard-block model,500,-0.000640159121993705,0.0132842231160957,0.0120510995918716,0.0144188449127661,0.0126912587138653,0.915467389596615,0.014142135623731,0.0115470053837925,0.816496580927726,0.05,0.0232617430735335,20,106,0.04,0.212,0.05,0.203734162463038,0.0260407973897773,0.0609735958348508,0.178439504288299,0.249952115817556,1,1,0
L1_222_R1,R1,1.6,10,30,10,42,222,Simulink standard-block model,500,-0.000640159121993705,0.0132842231160957,0.0120510995918716,0.0144188449127661,0.0126912587138653,0.915467389596615,0.014142135623731,0.0115470053837925,0.816496580927726,0.1,0.0181238760487365,38,174,0.076,0.348,0.1,0.320946040684534,0.0558690270374278,0.102596413673968,0.307550302056948,0.390767497443364,1,1,0
L1_222_R1,R1,1.6,10,30,10,42,222,Simulink standard-block model,1000,-2.1149329773184e-05,0.0134877870240065,0.0118629177038393,0.0139783443020894,0.0118840670336125,0.865223563112331,0.014142135623731,0.0115470053837925,0.816496580927726,0.01,0.0328995271426637,5,61,0.005,0.061,0.01,0.0655406866825139,0.00213753552732446,0.0116509553733751,0.0477797751260337,0.0775801188242837,1,1,0
L1_222_R1,R1,1.6,10,30,10,42,222,Simulink standard-block model,1000,-2.1149329773184e-05,0.0134877870240065,0.0118629177038393,0.0139783443020894,0.0118840670336125,0.865223563112331,0.014142135623731,0.0115470053837925,0.816496580927726,0.05,0.0232617430735335,44,206,0.044,0.206,0.05,0.203734162463038,0.0329382145884185,0.0585517891504078,0.182081391132891,0.232168742856615,1,1,0
L1_222_R1,R1,1.6,10,30,10,42,222,Simulink standard-block model,1000,-2.1149329773184e-05,0.0134877870240065,0.0118629177038393,0.0139783443020894,0.0118840670336125,0.865223563112331,0.014142135623731,0.0115470053837925,0.816496580927726,0.1,0.0181238760487365,87,329,0.087,0.329,0.1,0.320946040684534,0.071074421452375,0.106086481056694,0.300581715278035,0.358727036124025,1,1,0
L1_222_R1,R1,1.6,10,30,10,42,222,Simulink standard-block model,5000,2.2367538292284e-05,0.0140582205829382,0.0115734348195433,0.0140221527115967,0.011551067281251,0.82271397403028,0.014142135623731,0.0115470053837925,0.816496580927726,0.01,0.0328995271426637,52,302,0.0104,0.0604,0.01,0.0655406866825139,0.00793996463634238,0.0136117691082576,0.0541282161651582,0.067346747384936,1,1,0
L1_222_R1,R1,1.6,10,30,10,42,222,Simulink standard-block model,5000,2.2367538292284e-05,0.0140582205829382,0.0115734348195433,0.0140221527115967,0.011551067281251,0.82271397403028,0.014142135623731,0.0115470053837925,0.816496580927726,0.05,0.0232617430735335,231,1018,0.0462,0.2036,0.05,0.203734162463038,0.0407216699236964,0.0523750963616375,0.192668139364844,0.214986954348186,1,1,0
L1_222_R1,R1,1.6,10,30,10,42,222,Simulink standard-block model,5000,2.2367538292284e-05,0.0140582205829382,0.0115734348195433,0.0140221527115967,0.011551067281251,0.82271397403028,0.014142135623731,0.0115470053837925,0.816496580927726,0.1,0.0181238760487365,497,1622,0.0994,0.3244,0.1,0.320946040684534,0.0914118206070568,0.108003262191323,0.311562865903205,0.337506751019899,1,1,0
