H_m,t_m,theta_deg,D_A_sim_m,D_I_sim_m,delta_sim_m,delta_theory_m
1.6,0,0,1.6,1.6,0,0
1.6,0.002,0,1.6,1.598,0.002,0.002
1.6,0.005,0,1.6,1.595,0.00499999999999989,0.005
1.6,0.01,0,1.6,1.59,0.01,0.01
1.6,0.02,0,1.6,1.58,0.02,0.02
1.6,0.03,0,1.6,1.57,0.03,0.03
1.6,0,10,1.62468257901719,1.62468257901719,0,0
1.6,0.002,10,1.62468257901719,1.62265172579342,0.00203085322377161,0.00203085322377149
1.6,0.005,10,1.62468257901719,1.61960544595776,0.00507713305942858,0.00507713305942873
1.6,0.01,10,1.62468257901719,1.61452831289833,0.0101542661188574,0.0101542661188575
1.6,0.02,10,1.62468257901719,1.60437404677948,0.020308532237715,0.0203085322377149
1.6,0.03,10,1.62468257901719,1.59421978066062,0.0304627983565724,0.0304627983565724
1.6,0,20,1.70268443596146,1.70268443596146,0,0
1.6,0.002,20,1.70268443596146,1.70055608041651,0.00212835554495183,0.00212835554495182
1.6,0.005,20,1.70268443596146,1.69736354709908,0.00532088886237947,0.00532088886237956
1.6,0.01,20,1.70268443596146,1.6920426582367,0.0106417777247592,0.0106417777247591
1.6,0.02,20,1.70268443596146,1.68140088051194,0.0212835554495183,0.0212835554495182
1.6,0.03,20,1.70268443596146,1.67075910278718,0.0319253331742775,0.0319253331742774
1.6,0,30,1.8475208614068,1.8475208614068,0,0
1.6,0.002,30,1.8475208614068,1.84521146033004,0.00230940107675837,0.0023094010767585
1.6,0.005,30,1.8475208614068,1.84174735871491,0.00577350269189614,0.00577350269189626
1.6,0.01,30,1.8475208614068,1.83597385602301,0.0115470053837925,0.0115470053837925
1.6,0.02,30,1.8475208614068,1.82442685063922,0.023094010767585,0.023094010767585
1.6,0.03,30,1.8475208614068,1.81287984525542,0.0346410161513775,0.0346410161513775
1.6,0,40,2.08865166293165,2.08865166293165,0,0
1.6,0.002,40,2.08865166293165,2.08604084835298,0.00261081457866474,0.00261081457866456
1.6,0.005,40,2.08865166293165,2.08212462648498,0.00652703644666142,0.00652703644666139
1.6,0.01,40,2.08865166293165,2.07559759003832,0.0130540728933228,0.0130540728933228
1.6,0.02,40,2.08865166293165,2.062543517145,0.0261081457866457,0.0261081457866456
1.6,0.03,40,2.08865166293165,2.04948944425168,0.0391622186799685,0.0391622186799684
1.6,0,50,2.48915812297666,2.48915812297666,0,0
1.6,0.002,50,2.48915812297666,2.48604667532294,0.00311144765372084,0.00311144765372083
1.6,0.005,50,2.48915812297666,2.48137950384236,0.00777861913430211,0.00777861913430206
1.6,0.01,50,2.48915812297666,2.47360088470806,0.0155572382686042,0.0155572382686041
1.6,0.02,50,2.48915812297666,2.45804364643945,0.0311144765372084,0.0311144765372083
1.6,0.03,50,2.48915812297666,2.44248640817085,0.0466717148058122,0.0466717148058124
1.6,0,60,3.2,3.2,0,0
1.6,0.002,60,3.2,3.196,0.004,0.004
1.6,0.005,60,3.2,3.19,0.00999999999999979,0.01
1.6,0.01,60,3.2,3.18,0.02,0.02
1.6,0.02,60,3.2,3.16,0.04,0.04
1.6,0.03,60,3.2,3.14,0.0600000000000001,0.06
1.6,0,70,4.67808704026094,4.67808704026094,0,0
1.6,0.002,70,4.67808704026094,4.67223943146061,0.00584760880032587,0.00584760880032617
1.6,0.005,70,4.67808704026094,4.66346801826012,0.0146190220008151,0.0146190220008154
1.6,0.01,70,4.67808704026094,4.64884899625931,0.0292380440016302,0.0292380440016309
1.6,0.02,70,4.67808704026094,4.61961095225768,0.0584760880032613,0.0584760880032617
1.6,0.03,70,4.67808704026094,4.59037290825605,0.0877141320048924,0.0877141320048926
