Reference,Year,Sensor / wavelength,Actual experiment?,Surface classes,Angle considered?,Distance considered?,Geometry separated?,Measurement uncertainty?,Reference uncertainty?,Dropout / validity?,Surface-return observability?,Monte Carlo?,Coverage reported?,Black-ice specificity control?,Main limitation,Relation
Kim2023; Hong2025,2023/2025,v3 / 905 nm device context,Simulation described,Asphalt / ice,"Yes, convention unresolved",1.6 m setting,Not explicit in inspected table,U,U,U,U,U,U,U,Generator unavailable,E1 reassessment
Garmin2016,2016,v3 / 905 nm,Manufacturer specification,Diffuse/specular/liquid,Qualitative,Specification bands,N/A,"Accuracy scales, not SD",U,Qualitative,Qualitative,N/A,No probability supplied,N/A,No ice calibration,Separate device scales
Shin2019,2019,C10 / 532 nm,Yes,Dry/wet/ice blocks,Yes; coupled geometry,5/30 m horizontal,U,U,U,Missing points discussed,Measured backscatter,U,U,U,Different wavelength/thick ice,Qualitative only
Colace2013,2013,NIR / exact band unavailable,Abstract describes optical measurements,Dry/wet/water/ice,U,U,U,U,U,U,Reflected/diffuse/polarization,U,U,U,Abstract access only,Complementary observable
Ayala2018,2018,v3 / band unavailable in record,U,U,U,U,U,U,U,U,U,U,U,U,Metadata only,No findings attributed
Zhang2022,2022,"LED / 970,1450,1550 nm",Yes,Road surface classes,U,U,U,U,U,U,Spectral response,U,U,U,Not single range,Material-sensitive alternative
KimRadar2022,2022,mmWave / optical N/A,Yes,Dry/wet/black ice,U,U,U,U,U,U,Backscatter classification,U,U,U,Different modality/dataset,Not a PD benchmark
Bhattacharyya2023,2023,Hyperspectral / 400–1000 nm,Yes,Road ice samples,U,10/20/30 m,U,U,U,U,Spectral image,U,U,U,Daylight dataset,Not scalar range
Maanpaa2025,2025,RGB/thermal/LiDAR,Yes,Varied winter roads,U,Spatially projected,U,U,Weak road-weather reference,U,LiDAR reflectance,U,U,U,Weak grip labels,Multimodal alternative
Aouto2026,2026,Camera / band not specified here,Image dataset,Road condition images,U,U,U,U,U,U,Appearance,U,U,U,Dataset-specific classifier,No cross-study accuracy comparison
Pedersen2020,2020,Hybrid commercial/experimental sensors,"Yes, preliminary",Winter road states,U,U,U,Sensor differences discussed,U,U,U,U,U,U,Preliminary assessment,Maintenance/ITS context
Ma2022,2022,Non-contact sensing review,Review,Road media,Discussed,Discussed,Depth versus medium distinguished,Challenges reviewed,U,U,Spectral context,U,U,U,Not current sensor calibration,Constrains novelty claim
RuizLlata2017,2017,LiDAR/NIR spectroscopy record,U,Road condition,U,Ahead-of-vehicle context,U,U,U,U,Diffuse-reflectance keywords,U,U,U,Full text unavailable,Bibliographic prior art only
This study,2026 draft,Ideal single beam; spec layer 905 nm,No,Assigned asphalt/ice; height-only control,Explicit grid,Derived from H and angle,Yes,Assumed families,R0/R1,V0/V1/V2,Uncalibrated Q/link,Yes,Class-specific,Assigned same-height control,No physical/material validation,Integrated assumption audit
SongHarmening2025,2025,Four laser scanners; wavelength not transferred,Controlled laboratory experiment,Reflectance targets,Yes,Yes,U,Point-to-plane precision,U,U,Reflectance-dependent response,U,U,U,Not thin road ice or LIDAR-Lite calibration,Device-specific precision context
Kaasalainen2011,2011,Terrestrial laser scanners,Yes; official indexed body checked,Reference targets/materials,Yes,Yes,U,Intensity effects; not score SD,U,U,Intensity and radiometric correction,U,U,U,Direct page access restricted; no dropout probability calibration,Geometry/instrument effects on intensity
Wu2026,2026,Multiple sensing modalities,Review; not new sensor experiment,Winter-road conditions,Reviewed; not own experiment,Reviewed; not own experiment,U,Calibration/validation discussed,U,U,Review context,U,U,U,No calibration of this study; OnlineFirst,Winter-road infrastructure and decision support
