stage,angle_deg,reference_mode,validity_mode,P_D,P_D_CI_low,P_D_CI_high,coverage_ice,P_D_all,N_valid_ice,P_FA
A0,0,R0,V0,1,0.999232298054943,1,1,1,5000,0
A1,0,R0,V0,0.2764,0.26417923347903,0.2889640828308,1,0.2764,5000,0.0494
A2,0,R0,V0,0.2764,0.26417923347903,0.2889640828308,1,0.2764,5000,0.0494
A3,0,R1,V0,0.1768,0.166474840963884,0.187621401573401,1,0.1768,5000,0.05
A4,0,R1,V2,0.1768,0.166474840963884,0.187621401573401,1,0.1768,5000,0.05
A5,0,R1,V2,0.178952358378763,0.167679637558086,0.19080918414716,0.8438,0.151,4219,0.0492957746478873
A0,30,R0,V0,1,0.999232298054943,1,1,1,5000,0
A1,30,R0,V0,0.315,0.302270697878692,0.328013351840979,1,0.315,5000,0.0538
A2,30,R0,V0,0.2394,0.227775129272792,0.251424996980972,1,0.2394,5000,0.0538
A3,30,R1,V0,0.1694,0.159257510919805,0.180050093606267,1,0.1694,5000,0.0508
A4,30,R1,V2,0.170419426048565,0.15975041557447,0.181646934306243,0.906,0.1544,4530,0.0508214676889376
A5,30,R1,V2,0.169347762503656,0.157148619373327,0.182289088390384,0.6838,0.1158,3419,0.050041934582052
A0,70,R0,V0,1,0.999232298054943,1,1,1,5000,0
A1,70,R0,V0,0.8976,0.888889054642859,0.905700468770431,1,0.8976,5000,0.0526
A2,70,R0,V0,0.0982,0.0902573811305235,0.106759544152524,1,0.0982,5000,0.0526
A3,70,R1,V0,0.0834,0.0760524370001622,0.0913872122604594,1,0.0834,5000,0.0524
A4,70,R1,V2,0.0729001584786054,0.0550972154824717,0.0958719083657611,0.1262,0.0092,631,0.0647482014388489
A5,70,R1,V2,0,2.77555756156289e-17,0.390334287902165,0.0012,0,6,0.0666666666666667
