scenario_id,stress_family,stress_severity,reference_mode,validity_mode,H_m,thickness_mm,angle_deg,sigma0_mm,pfa_target,P_D,P_D_CI_low,P_D_CI_high,P_FA,coverage_ice,P_D_all
E3_00141_V1,L1,baseline,R0,V0,1.5,10,0,10,0.05,0.2684,0.256298603046723,0.280856996494227,0.0476,1,0.2684
E3_00861_V1,L1,baseline,R0,V0,1.5,10,30,10,0.05,0.3136,0.300887276432859,0.326598922852258,0.0512,1,0.3136
E3_01821_V1,L1,baseline,R0,V0,1.5,10,70,10,0.05,0.8994,0.890753391141913,0.907433368544375,0.049,1,0.8994
E3_03981_V1,L2-A,moderate,R0,V0,1.5,10,0,10,0.05,0.261,0.249013548610097,0.273353412919641,0.0532,1,0.261
E3_04701_V1,L2-A,moderate,R0,V0,1.5,10,30,10,0.05,0.2542,0.242323115589103,0.266454286687087,0.0456,1,0.2542
E3_05661_V1,L2-A,moderate,R0,V0,1.5,10,70,10,0.05,0.2514,0.239569352238084,0.263612349168998,0.044,1,0.2514
E3_09741_V1,L2-B,moderate,R0,V0,1.5,10,0,10,0.05,0.256,0.244093739499606,0.268280899049582,0.0492,1,0.256
E3_10461_V1,L2-B,moderate,R0,V0,1.5,10,30,10,0.05,0.2806,0.268318555132173,0.293218312481318,0.056,1,0.2806
E3_11421_V1,L2-B,moderate,R0,V0,1.5,10,70,10,0.05,0.286,0.273642515234494,0.298686061197991,0.0504,1,0.286
E3_15501_V1,L2-C,moderate,R0,V0,1.5,10,0,10,0.05,0.2478,0.236029776692219,0.259957452168868,0.051,1,0.2478
E3_16221_V1,L2-C,moderate,R0,V0,1.5,10,30,10,0.05,0.2284,0.216975011804744,0.240242003891811,0.0482,1,0.2284
E3_17181_V1,L2-C,moderate,R0,V0,1.5,10,70,10,0.05,0.11,0.101624862673781,0.118973944843364,0.0518,1,0.11
