figure,script,input_data,output_file,reference_file,notes,availability
1,research/scripts/export_figures.py,conceptual; no data,reproduced/figures/figure01_framework.pdf,reference_outputs/figures/figure01_framework.pdf,stored points only; filename prefix differs from printed numbering where documented,SHIPPED
2,research/scripts/generate_manuscript_figures.m,conceptual; no data,research/results/paper_figures/figure02_geometry.svg,reference_outputs/figures/figure02_geometry.pdf,PARTIAL: original schematic source; exact final editorial export unconfirmed,SHIPPED
3,research/scripts/export_figures.py,research/data/paper/paper_temperature_table.csv,reproduced/figures/figure03_published_reassessment.pdf,,Not bundled; user obtains published values independently. See reproduction/E1_USER_INPUT.md.,OPTIONAL_USER_INPUT
4,research/scripts/export_figures.py,research/results/paper_tables/figure_level2_extract.csv,reproduced/figures/figure05_uncertainty.pdf,reference_outputs/figures/figure05_uncertainty.pdf,stored points only; filename prefix differs from printed numbering where documented,SHIPPED
5,research/scripts/export_figures.py,research/results/paper_tables/figure_level2_extract.csv,reproduced/figures/figure06_height_reference.pdf,reference_outputs/figures/figure06_height_reference.pdf,stored points only; filename prefix differs from printed numbering where documented,SHIPPED
6,research/scripts/export_figures.py,research/results/processed/checkpoint03_observability.csv,reproduced/figures/figure07_coverage_detection.pdf,reference_outputs/figures/figure07_coverage_detection.pdf,stored points only; filename prefix differs from printed numbering where documented,SHIPPED
7,research/scripts/export_figures.py,research/results/processed/checkpoint03_specificity_control.csv,reproduced/figures/figure09_surface_control.pdf,reference_outputs/figures/figure09_surface_control.pdf,stored points only; filename prefix differs from printed numbering where documented,SHIPPED
S1,research/scripts/export_figures.py,research/results/processed/checkpoint03_distribution_summary.csv,reproduced/figures/figureS01_distribution.pdf,reference_outputs/figures/figureS01_distribution.pdf,stored points only; filename prefix differs from printed numbering where documented,SHIPPED
S2,research/scripts/export_figures.py,research/results/processed/checkpoint03_device_spec.csv,reproduced/figures/figureS02_device_scale.pdf,reference_outputs/figures/figureS02_device_scale.pdf,stored points only; filename prefix differs from printed numbering where documented,SHIPPED
S3,research/scripts/export_figures.py,research/results/processed/geometry_analytical_sweep.csv,reproduced/figures/figure04_geometry_response.pdf,reference_outputs/figures/figure04_geometry_response.pdf,stored points only; filename prefix differs from printed numbering where documented,SHIPPED
S4,research/scripts/export_figures.py,research/results/processed/checkpoint03_ablation.csv,reproduced/figures/figure08_ablation.pdf,reference_outputs/figures/figure08_ablation.pdf,stored points only; filename prefix differs from printed numbering where documented,SHIPPED
