table,source_data,script,output,manual_step,notes,availability
1,research/results/paper_tables/table1_related_work.csv,NONE: authored narrative table,reproduction/final_tables/table1.tex,"Use final TeX wording, select/round stored values; historical CSV prose may be stale",Final author-authored prose/symbol/design/interpretation table,SHIPPED
2,research/results/paper_tables/table2_parameters.csv,NONE: authored narrative table,reproduction/final_tables/table2.tex,"Use final TeX wording, select/round stored values; historical CSV prose may be stale",Final author-authored prose/symbol/design/interpretation table,SHIPPED
3,research/results/paper_tables/table3_experiment_matrix.csv,NONE: authored narrative table,reproduction/final_tables/table3.tex,"Use final TeX wording, select/round stored values; historical CSV prose may be stale",Final author-authored prose/symbol/design/interpretation table,SHIPPED
4,research/results/paper_tables/table4_model_scenarios.csv,NONE: authored narrative table,reproduction/final_tables/table4.tex,"Use final TeX wording, select/round stored values; historical CSV prose may be stale",Final author-authored prose/symbol/design/interpretation table,SHIPPED
5,research/results/paper_tables/table5_representative_results.csv,research/scripts/prepare_manuscript_evidence.py,reproduction/final_tables/table5.tex,"Use final TeX wording, select/round stored values; historical CSV prose may be stale",Full-grid extraction requires Zenodo overlay,SHIPPED
6,research/results/paper_tables/table6_ablation.csv,research/scripts/prepare_manuscript_evidence.py,reproduction/final_tables/table6.tex,"Use final TeX wording, select/round stored values; historical CSV prose may be stale",Full-grid extraction requires Zenodo overlay,SHIPPED
7,research/results/paper_tables/table7_findings_boundaries.csv,NONE: authored narrative table,reproduction/final_tables/table7.tex,"Use final TeX wording, select/round stored values; historical CSV prose may be stale",Final author-authored prose/symbol/design/interpretation table,SHIPPED
S1,research/data/paper/paper_temperature_table.csv,research/scripts/prepare_manuscript_evidence.py,supplementary/electronic_tables/supp_table_s1_published_data.csv,Supply documented E1 CSV and deliberately generate local output; no bundled source observations,Not bundled; user obtains published values independently. See reproduction/E1_USER_INPUT.md.,OPTIONAL_USER_INPUT
S2,research/results/processed/checkpoint03_thin_layer_results.csv,research/scripts/prepare_manuscript_evidence.py,supplementary/electronic_tables/supp_table_s2_thin_layer.csv,Copy unchanged final electronic CSV; do not regenerate literature judgments,Units/schema in supplementary/electronic_tables/README.md,SHIPPED
S3,research/results/processed/checkpoint03_distribution_summary.csv,research/scripts/prepare_manuscript_evidence.py,supplementary/electronic_tables/supp_table_s3_noise_summary.csv,Copy unchanged final electronic CSV; do not regenerate literature judgments,Units/schema in supplementary/electronic_tables/README.md,SHIPPED
S4,research/results/processed/checkpoint03_device_spec.csv,research/scripts/prepare_manuscript_evidence.py,supplementary/electronic_tables/supp_table_s4_device_scale.csv,Copy unchanged final electronic CSV; do not regenerate literature judgments,Units/schema in supplementary/electronic_tables/README.md,SHIPPED
S9,authored literature comparison; cited source judgments,NONE: authored literature synthesis,supplementary/electronic_tables/supp_table_s9_literature.csv,Copy unchanged final electronic CSV; do not regenerate literature judgments,Units/schema in supplementary/electronic_tables/README.md,SHIPPED
